Index	Gene	ProteinID	Peptide	SequenceWindow	Start	End	MaxPepProb	ReferenceIntensity	WT_Early_1	KO_Early_1	WT_Late_1	KO_Late_1
A2AKB9_S356	Dcaf10	A2AKB9	TTsSSDLTTTSSSSGSR	IRARRTTsSSDLTTT	354	371	1	72974.33086363637	81102.84578081351	78681.61043630923	80790.07323455512	60256.145133992664
A2AKB9_S41	Dcaf10	A2AKB9	PAsPQRGADAASPPPVAGSPR	SPAPRPAsPQRGADA	39	60	0.9996	20656.69662272727	NA	NA	NA	NA
A2AKB9_S50	Dcaf10	A2AKB9	GADAAsPPPVAGSPR	QRGADAAsPPPVAGS	45	60	0.9942	45568.50007727273	39419.500236224274	46948.11395677158	47168.70228787526	44033.731835603496
A2AKB9_S57	Dcaf10	A2AKB9	GADAASPPPVAGsPR	SPPPVAGsPRLPGGP	45	60	0.9997	541953.9378045455	NA	NA	NA	NA
A2AKB9_S67	Dcaf10	A2AKB9	LPGGPAVsPAER	LPGGPAVsPAERAGE	60	72	0.9998	682621.5272727273	704956.0988798098	632700.1143587546	832317.9331724357	661245.9847832714
A2AKB9_S96	Dcaf10	A2AKB9	LsPSSSPR	SASQAKLsPSSSPRR	95	103	0.9754	439471.9270454545	422974.26615154493	408010.4324897816	505115.7423113525	418426.76058265805
A2AKB9_S99	Dcaf10	A2AKB9	LSPSsSPR	QAKLSPSsSPRRRSR	95	103	0.9896	296663.65098636365	381565.5293805014	210582.9715225582	404606.0460784235	247621.5652061112
A2AKB9_T361	Dcaf10	A2AKB9	TTSSSDLtTTSSSSGSR	TTSSSDLtTTSSSSG	354	371	0.9996	39811.20321363636	34679.62417321996	32715.847693103227	45039.41856551339	38687.18366818492
B9EKI3_S112	Tmf1	B9EKI3	sPVVSKPPSK	DAHTIQKsPVVSKPP	112	122	0.9732	583106.2387136363	656463.322410936	439459.5776965955	592488.188277867	352314.5711078043
B9EKI3_S138	Tmf1	B9EKI3	SSLQESSsPGQSR	SSLQESSsPGQSRVS	131	144	1	647220.2955454545	693028.3723573871	435563.000381274	802786.2860166144	402966.35480963526
B9EKI3_S329	Tmf1	B9EKI3	IDSFSVQsLDSR	IDSFSVQsLDSRSVS	322	334	1	317278.50280454545	NA	NA	NA	NA
B9EKI3_S334	Tmf1	B9EKI3	sVSEINSDDELPGK	VQSIDSRsVSEINSD	334	348	1	198148.6387136364	NA	NA	NA	NA
B9EKI3_S340	Tmf1	B9EKI3	SVSEINsDDELPGK	RSVSEINsDDELPGK	334	348	1	1864777.6795909088	1613835.1221093636	1582011.5571038276	2039656.0734492268	1646528.6952044878
B9EKI3_S628	Tmf1	B9EKI3	KLNsVVER	ENIKKLNsVVERQEK	625	633	0.987	506921.02189545456	567494.7999040574	548459.2383196298	786804.9727520933	746870.8877332321
B9EKI3_T360	Tmf1	B9EKI3	GYALVPIIVSPStPK	PIIVSPStPKTKVVE	348	363	0.9868	16367.51566818182	NA	NA	NA	NA
Cont_P62979_S115	RPS27A	Cont_P62979	VDENGKIsR	VDENGKIsRLRRECP	108	117	0.9983	87398.4932590909	84144.11430820642	80629.21554278879	98779.47239790272	88297.69748391617
Cont_P62979_S57	RPS27A	Cont_P62979	QLEDGRTLsDYNIQK;TLsDYNIQK	LEDGRTLsDYNIQKE	49	64	0.9999	2177925.4420454544	1164881.358310776	2645544.3695786167	1369227.6541481407	2549730.6526426156
Cont_P62979_S84	RPS27A	Cont_P62979	sYTTPK	AKKRKKKsYTTPKKN	84	90	0.9395	323620.14735	318082.3134598417	322899.7277008256	394399.4930675734	364869.6119547998
Cont_P62979_T12	RPS27A	Cont_P62979	tITLEVEPSDTIENVK	VKTITGKtITLEVEP	12	28	1	47541.75780454546	NA	NA	NA	NA
Cont_P62979_T87	RPS27A	Cont_P62979	SYTtPK	RKKKSYTtPKKNKHK	84	90	0.9565	1144920.5714409093	1522331.423347534	1115960.1726084424	1389708.5565413828	870935.0870123971
Cont_P62979_Y59	RPS27A	Cont_P62979	TLSDyNIQK	DGRTLSDyNIQKEST	55	64	0.9999	15158.400804545456	10887.438903688124	14981.189993240763	13601.780213563312	15449.502710824589
D3YZP9_S233	Ccdc6	D3YZP9	LDQPVsAPPsPR	EKLDQPVsAPPsPRD	228	240	1	2421608.110454546	2350845.5207406245	2428027.6877133437	2446761.8092728155	2095102.0576429584
D3YZP9_S237	Ccdc6	D3YZP9	LDQPVSAPPsPR	QPVSAPPsPRDISME	228	240	0.9999	3075149.072363637	3078665.5464786813	3526317.308684804	3264655.475561446	2673492.103002239
D3YZP9_S316	Ccdc6	D3YZP9	QLsESESSLEMDDER	EAICRQLsESESSLE	314	329	1	121347.46580454546	NA	NA	NA	NA
D3YZP9_S344	Ccdc6	D3YZP9	TVsSPIPYTPSPSSSR	GIRPRTVsSPIPYTP	342	358	0.9971	130530.55780454545	NA	NA	NA	NA
D3YZP9_S345	Ccdc6	D3YZP9	TVSsPIPYTPSPSSSR	IRPRTVSsPIPYTPS	342	358	1	150777.84818181818	112758.04329828011	139613.9327870751	144920.15421212083	172065.0672745902
D3YZP9_S360	Ccdc6	D3YZP9	PIsPGLSYASHTVGFTPPTSLTR	PSSSRPIsPGLSYAS	358	381	1	17284.67762272727	14532.765682074869	19747.12046052791	16975.971598111573	18903.297005599452
D3YZP9_S45	Ccdc6	D3YZP9	SGGIVIsPFRLEELTNR	KSGGIVIsPFRLEEL	39	56	0.9991	523439.0288636364	546143.5861958911	382334.3725948727	655113.4935356909	403449.2215622534
E1U8D0_S1251	Mtcl2	E1U8D0	VYYsPPVAR	TGIRVYYsPPVARRI	1248	1257	0.9943	1352132.0636363635	1322515.619623951	1175725.824368249	1451037.4333337955	1105521.2906165123
E1U8D0_S1417	Mtcl2	E1U8D0	QISSsLDK	RSKQISSsLDKVHSR	1413	1421	0.9987	402528.7914409091	345210.85173896234	366594.3994242514	445404.5581680042	366319.1130056029
E1U8D0_S1477	Mtcl2	E1U8D0	STTTRDsPVLR	RSTTTRDsPVLRNIN	1471	1482	0.9908	140301.50280454542	NA	NA	NA	NA
E1U8D0_S1553	Mtcl2	E1U8D0	KPEPLsPASYHQPEGVSR	CKKPEPLsPASYHQP	1548	1566	1	309199.27553181816	NA	NA	NA	NA
E1U8D0_S1632	Mtcl2	E1U8D0	NTIRHsPSK	SRNTIRHsPSKCRIH	1627	1636	0.9091	38761.64671363636	33467.768798336634	27302.38730580702	46384.78261987379	12329.400769655069
E1U8D0_S173	Mtcl2	E1U8D0	TGQPPQPAQSGQQPPRPPAsPDEPSVAASSVGSSR	QPPRPPAsPDEPSVA	154	189	1	163995.11495454545	150365.2142433268	147097.21787412558	174892.21563600717	170057.27252747395
E1U8D0_S28	Mtcl2	E1U8D0	sHRAPSPARPK	PAAERKKsHRAPSPA	28	39	0.9743	282986.46144090913	NA	NA	NA	NA
E1U8D0_S33	Mtcl2	E1U8D0	APsPARPK	KKSHRAPsPARPKDV	31	39	0.9952	4779118.795454546	5503315.697284819	3466701.7758331196	5766556.971733394	3079818.2032241547
