Index	Gene	Protein	Protein ID	Peptide	Best Localization Probability	20250815_002_S988905_37C_1_enriched Localization Probability	20250815_003_S988908_42C_1_enriched Localization Probability	20250815_004_S988909_42C_2_enriched Localization Probability	20250815_005_S988906_37C_2_enriched Localization Probability	20250815_006_S988907_37C_3_enriched Localization Probability	20250815_007_S988910_42C_3_enriched Localization Probability	20251111_016_S1035873_42C_1_enriched Localization Probability	20251111_017_S1035874_42C_2_enriched Localization Probability	20251111_018_S1049226_37C_1_enriched Localization Probability	20251111_019_S1049227_37C_2_enriched Localization Probability	20250815_002_S988905_37C_1_enriched Intensity	20250815_003_S988908_42C_1_enriched Intensity	20250815_004_S988909_42C_2_enriched Intensity	20250815_005_S988906_37C_2_enriched Intensity	20250815_006_S988907_37C_3_enriched Intensity	20250815_007_S988910_42C_3_enriched Intensity	20251111_016_S1035873_42C_1_enriched Intensity	20251111_017_S1035874_42C_2_enriched Intensity	20251111_018_S1049226_37C_1_enriched Intensity	20251111_019_S1049227_37C_2_enriched Intensity	20250815_002_S988905_37C_1_enriched MaxLFQ Intensity	20250815_003_S988908_42C_1_enriched MaxLFQ Intensity	20250815_004_S988909_42C_2_enriched MaxLFQ Intensity	20250815_005_S988906_37C_2_enriched MaxLFQ Intensity	20250815_006_S988907_37C_3_enriched MaxLFQ Intensity	20250815_007_S988910_42C_3_enriched MaxLFQ Intensity	20251111_016_S1035873_42C_1_enriched MaxLFQ Intensity	20251111_017_S1035874_42C_2_enriched MaxLFQ Intensity	20251111_018_S1049226_37C_1_enriched MaxLFQ Intensity	20251111_019_S1049227_37C_2_enriched MaxLFQ Intensity
A0A2R8Y4L2_S142	HNRNPA1L3	sp|A0A2R8Y4L2|RA1L3_HUMAN	A0A2R8Y4L2	IEVIEIMTDRGsGK;IEVIEIMTDRGsGKK	0.9582	0.9575	0.9537	0.9582	0.9457	0.9404	0.9502	0.8674	0.8861	0.8796	0.8704	32990.836	48834.758	59522.1	49350.71	14279.264	50759.69	8310.233	22440	32123.25	25038.254	31509.584	21974.318	25268.889	25995.74	22864.248	21017.588	19321.193	16336.894	17392.947	23631.277
A0A2R8Y4L2_S2	HNRNPA1L3	sp|A0A2R8Y4L2|RA1L3_HUMAN	A0A2R8Y4L2	sKSESPKEPEQLR;sKSEsPKEPEQLR;sKsESPKEPEQLR	0.9611	0.9511	0.9204	0.9601	0.9599	0.9611	0.9534	0.921	0.8561	0.9288	0.9386	1917317.4	1987014.1	1692682.6	1984791.8	2054204.9	1976272	1921607.4	1498976.5	1699029.1	3273450.8	1554078.9	1513789.4	813227.06	1667485.1	1491065	1680673.8	1244503.1	895192.9	1757495.4	2061509
A0A2R8Y4L2_S22	HNRNPA1L3	sp|A0A2R8Y4L2|RA1L3_HUMAN	A0A2R8Y4L2	KLFIGGLsFETTDESLR;LFIGGLsFETTDESLR	0.9615	0.9592	0.9599	0.9615	0.9595	0.9608	0.9611	0.9427	0.94	0.9404	0.942	150405.31	158345.84	109457.47	75373.12	17947.037	114526.28	91890.55	59692.82	77755.164	82333.1	63794.47	63505.742	41790.473	45336.805	10790.668	43798.832	57315.66	24602.473	47602.387	50435.184
A0A2R8Y4L2_S308	HNRNPA1L3	sp|A0A2R8Y4L2|RA1L3_HUMAN	A0A2R8Y4L2	NQGGYGGsSSSSSYGSGR	0.9066	0.9066	0	0	0.8766	0	0	0	0.431	0.7473	0	28041.314	0	0	34701.203	0	0	0	9847.878	9064.188	0	28041.314	0	0	34701.203	0	0	0	9847.878	9064.188	0
A0A2R8Y4L2_S309	HNRNPA1L3	sp|A0A2R8Y4L2|RA1L3_HUMAN	A0A2R8Y4L2	NQGGYGGSsSSSSYGSGR	0.8912	0	0	0.6441	0.8912	0.4801	0.7983	0	0.3144	0	0.5422	0	0	80799.914	33544.89	22827.559	56085.59	0	70156.52	0	99002.23	0	0	80799.914	33544.89	22827.559	56085.59	0	70156.52	0	99002.23
A0A2R8Y4L2_S310	HNRNPA1L3	sp|A0A2R8Y4L2|RA1L3_HUMAN	A0A2R8Y4L2	NQGGYGGSSsSSSYGSGR	0.9468	0	0	0.9468	0	0	0	0	0.1933	0.8832	0.321	0	0	20269.477	0	0	0	0	73459.84	13370.047	95341.06	0	0	20269.477	0	0	0	0	73459.84	13370.047	95341.06
A0A2R8Y4L2_S311	HNRNPA1L3	sp|A0A2R8Y4L2|RA1L3_HUMAN	A0A2R8Y4L2	NQGGYGGSSSsSSYGSGR	0.9454	0	0	0.9454	0.325	0	0	0.4579	0	0	0	0	0	19790.39	33982.574	0	0	59007.42	0	0	0	0	0	19790.39	33982.574	0	0	59007.42	0	0	0
A0A2R8Y4L2_S312	HNRNPA1L3	sp|A0A2R8Y4L2|RA1L3_HUMAN	A0A2R8Y4L2	NQGGYGGSSSSsSYGSGR	0.9531	0.9531	0.4819	0	0.9512	0.8957	0.9428	0.8214	0	0.9217	0	84280.69	80229.16	0	63348.77	94714.11	53344.152	62168.797	0	82793.15	0	84280.69	80229.16	0	63348.77	94714.11	53344.152	62168.797	0	82793.15	0
A0A2R8Y4L2_S313	HNRNPA1L3	sp|A0A2R8Y4L2|RA1L3_HUMAN	A0A2R8Y4L2	NQGGYGGSSSSSsYGSGR	0.957	0.9487	0	0.4801	0	0.949	0.957	0.8053	0.9129	0.8512	0.8987	40456.15	0	42407.98	0	39719.773	28283.816	23575.762	18181.607	30847.812	38158.31	40456.15	0	42407.98	0	39719.773	28283.816	23575.762	18181.607	30847.812	38158.31
A0A2R8Y4L2_S316	HNRNPA1L3	sp|A0A2R8Y4L2|RA1L3_HUMAN	A0A2R8Y4L2	NQGGYGGSSSSSSYGsGR	0.9559	0	0	0	0	0.9559	0	0	0.7105	0	0.827	0	0	0	0	42798.348	0	0	11888.43	0	23531.4	0	0	0	0	42798.348	0	0	11888.43	0	23531.4
A0A2R8Y4L2_S4	HNRNPA1L3	sp|A0A2R8Y4L2|RA1L3_HUMAN	A0A2R8Y4L2	SKsESPKEPEQLR;SKsEsPKEPEQLR;sESPKEPEQLR;sESPKEPEQLRK;sKsESPKEPEQLR	0.9599	0.9418	0.9589	0.95	0.9547	0.9575	0.9599	0.9301	0.9117	0.9383	0.9207	5226748	3626741.5	3506308.2	3057348.8	1940616	2975250	2474586.5	8622440	3907239.5	4456677.5	2372175.8	2543123.5	1735155.8	1948871.6	1824334	1581764.8	872724.25	1042314.8	2105828.5	2386763.8
A0A2R8Y4L2_S6	HNRNPA1L3	sp|A0A2R8Y4L2|RA1L3_HUMAN	A0A2R8Y4L2	SEsPKEPEQLR;SEsPKEPEQLRK;SKSEsPKEPEQLR;SKsEsPKEPEQLR;sKSEsPKEPEQLR	0.9611	0.9587	0.9602	0.9611	0.9597	0.9611	0.9599	0.9438	0.942	0.9423	0.9383	5737358.5	5668862	5172783.5	6223689	6354686	5167211	17445490	10683841	25345298	27491802	2349464	2313332.5	1754819.2	3322145.2	2427945.2	2882213	6815194	4332700	9585330	11450048
A0A2R8Y4L2_T138	HNRNPA1L3	sp|A0A2R8Y4L2|RA1L3_HUMAN	A0A2R8Y4L2	IEVIEIMtDRGSGK;IEVIEIMtDRGSGKK	0.9252	0.5	0.5	0.5	0.694	0.9252	0	0.8096	0.5	0.717	0.5	33307.477	8281.064	11501.316	30954.611	23107.23	0	51620.516	7636.431	42348.85	14962.701	22762.92	23593.314	32768.03	21154.93	15791.891	0	19194.814	21756.709	17874.504	16924.768
A0A2R8Y4L2_Y314	HNRNPA1L3	sp|A0A2R8Y4L2|RA1L3_HUMAN	A0A2R8Y4L2	NQGGYGGSSSSSSyGSGR	0.9176	0	0.7525	0	0	0	0	0.3172	0	0.9176	0	0	35697.82	0	0	0	0	19320.176	0	21742.223	0	0	35697.82	0	0	0	0	19320.176	0	21742.223	0
A0A3B3IU46_S36	RAMACL	sp|A0A3B3IU46|RMACL_HUMAN	A0A3B3IU46	RPPEsPPIVEEWNSR	0.9627	0.9606	0.9627	0.9627	0.9609	0.9625	0.9622	0.9463	0.9451	0.9452	0.9454	372576.56	335553.28	358585.75	421942.94	41832.625	424940.94	359662.4	354701.4	512437	596441.3	292135.53	268531.75	272954.3	333661.9	33593.613	334890.47	225950.64	220648.47	325907.88	365744.16
A0AV96_S12	RBM47	sp|A0AV96|RBM47_HUMAN	A0AV96	TAEDSTAAMSsDSAAGSSAK	0.4275	0	0	0	0	0	0	0	0	0	0.4275	0	0	0	0	0	0	0	0	0	11219.75	0	0	0	0	0	0	0	0	0	0
A0AV96_T519	RBM47	sp|A0AV96|RBM47_HUMAN	A0AV96	PItPVYTVAPNVQR	0.9427	0	0	0	0	0	0	0.9403	0.9366	0.9427	0.9409	0	0	0	0	0	0	50288.797	36229.008	70899.45	82327.984	0	0	0	0	0	0	38251.94	25043.703	52390.56	63562.523
A0AVK6_S102	E2F8	sp|A0AVK6|E2F8_HUMAN	A0AVK6	DCIHEHLsGDEFEK	1	0	0	0	0	0	0	1	1	1	1	0	0	0	0	0	0	11580.029	9041.616	20405.17	12573.451	0	0	0	0	0	0	11580.029	9041.616	20405.17	12573.451
A0AVK6_S357	E2F8	sp|A0AVK6|E2F8_HUMAN	A0AVK6	WTGPEISPNTSGsSPVIHFTPSDLEVR	0.663	0	0	0	0	0	0	0.4723	0.3817	0	0.663	0	0	0	0	0	0	32309.725	30933.316	0	42428.47	0	0	0	0	0	0	32309.725	30933.316	0	42428.47
A0AVK6_S358	E2F8	sp|A0AVK6|E2F8_HUMAN	A0AVK6	WTGPEISPNTSGSsPVIHFTPSDLEVR	0.9139	0.3193	0	0	0	0.9139	0	0	0	0.6828	0.3105	27051.418	0	0	0	12032.81	0	0	0	35646.793	9416.202	27051.418	0	0	0	0	0	0	0	0	9416.202
A0AVK6_S413	E2F8	sp|A0AVK6|E2F8_HUMAN	A0AVK6	KINsAPSsPIK	0.959	0.9514	0.6944	0	0.8599	0.9433	0.959	0	0	0.6939	0	20448.453	14201.267	0	23391.076	25896.805	15666.153	0	0	24806.705	0	20448.453	14201.267	0	23391.076	25896.805	15666.153	0	0	24806.705	0
A0AVK6_S417	E2F8	sp|A0AVK6|E2F8_HUMAN	A0AVK6	INSAPSsPIK;KINsAPSsPIK	0.9589	0.9514	0.6528	0	0.8586	0.9431	0.9589	0.4906	0	0.6531	0	20448.453	14201.267	0	23391.076	25896.805	15666.153	25386.559	0	24806.705	0	20448.453	14201.267	0	23391.076	25896.805	15666.153	0	0	24806.705	0
A0AVK6_S661	E2F8	sp|A0AVK6|E2F8_HUMAN	A0AVK6	ENSsALSPNHR	0.4848	0	0	0	0	0	0	0	0	0	0.4848	0	0	0	0	0	0	0	0	0	2758.3853	0	0	0	0	0	0	0	0	0	0
A0AVK6_S664	E2F8	sp|A0AVK6|E2F8_HUMAN	A0AVK6	ENSSALsPNHR	0.9284	0.9284	0	0	0	0	0	0	0	0	0	10480.593	0	0	0	0	0	0	0	0	0	0	0	0	0	0	0	0	0	0	0
A0AVK6_S71	E2F8	sp|A0AVK6|E2F8_HUMAN	A0AVK6	MLISAVsPEIR	0.9621	0.9555	0.9621	0.961	0.9585	0	0.9612	0.7442	0.6467	0.7327	0.9334	20100.54	14590.758	16696.242	17432.307	0	12575.141	10739.26	11203.579	7073.9175	11417.552	20100.54	14590.758	16696.242	17432.307	0	12575.141	10739.26	11203.579	7073.9175	11417.552
A0AVK6_T46	E2F8	sp|A0AVK6|E2F8_HUMAN	A0AVK6	ESTTANIVLAEIQPDFGPLTTPtKPK	0.3286	0	0	0	0.3286	0	0.3286	0	0	0	0	0	0	0	14296.687	0	13249.996	0	0	0	0	0	0	0	14296.687	0	13249.996	0	0	0	0
A0AVK6_T58	E2F8	sp|A0AVK6|E2F8_HUMAN	A0AVK6	EGSQGEPWtPTANLK	0.96	0.9579	0.9557	0.96	0.9584	0	0	0.9344	0.911	0.925	0.9321	20435.389	17695.12	17577.076	18018.33	0	0	17787.865	19224.049	17287.592	21843.465	20435.389	17695.12	17577.076	18018.33	0	0	17787.865	19224.049	17287.592	21843.465
A0AVT1_S33	UBA6	sp|A0AVT1|UBA6_HUMAN	A0AVT1	NLPIMsTASVEIDDALYSR	0.8938	0	0	0	0	0	0	0.3279	0.5905	0.8938	0.7567	0	0	0	0	0	0	111184.414	47445.535	33137.242	61447.96	0	0	0	0	0	0	111184.414	47445.535	33137.242	61447.96
A0AVT1_S36	UBA6	sp|A0AVT1|UBA6_HUMAN	A0AVT1	NLPIMSTAsVEIDDALYSR	0.9608	0.9559	0.9604	0.9608	0.9581	0.9576	0.9567	0.9247	0.913	0.9237	0.9076	60062.402	84139.97	80668.42	42368.203	14871.08	58903.18	142026.36	84385.8	47837.04	91220.7	60062.402	84139.97	80668.42	42368.203	14871.08	58903.18	109522.81	58473.887	42340.965	69919.6
A0AVT1_T34	UBA6	sp|A0AVT1|UBA6_HUMAN	A0AVT1	NLPIMStASVEIDDALYSR	0.6156	0	0	0	0	0	0.6156	0	0	0	0	0	0	0	0	0	17206.29	0	0	0	0	0	0	0	0	0	0	0	0	0	0
A0FGR8_S626	ESYT2	sp|A0FGR8|ESYT2_HUMAN	A0FGR8	VPLSQLLTsEDMTVSQRFQLSNSGPNSTIK	0.4708	0	0	0	0	0.4708	0	0	0	0	0	0	0	0	0	6468.785	0	0	0	0	0	0	0	0	0	0	0	0	0	0	0
A0FGR8_S688	ESYT2	sp|A0FGR8|ESYT2_HUMAN	A0FGR8	sHMSGSPGPGGSNTAPSTPVIGGSDKPGMEEK;sHMSGSPGPGGSNTAPstPVIGGSDKPGMEEK;sHMSGSPGPGGSNtAPStPVIGGSDKPGMEEK;sHMSGSPGPGGsNTAPStPVIGGSDKPGMEEK;sHMSGsPGPGGSNTAPSTPVIGGSDKPGMEEK;sHMsGsPGPGGSNTAPSTPVIGGSDKPGMEEK	0.9161	0.7813	0.5739	0.3235	0.8166	0.7738	0.9161	0.8493	0.4678	0.3215	0.4567	619109.7	584300.94	44726.906	319238.94	361721.75	401628.75	105579.63	132468.42	87427.53	68217.12	260218.8	202839.94	130733.27	199467.62	143935.22	142308.27	44555.312	81417.46	68532.984	199393.34
A0FGR8_S691	ESYT2	sp|A0FGR8|ESYT2_HUMAN	A0FGR8	SHMsGSPGPGGSNTAPSTPVIGGSDKPGMEEK;SHMsGSPGPGGSNTAPstPVIGGSDKPGMEEK;SHMsGSPGPGGSNtAPStPVIGGSDKPGMEEK;SHMsGSPGPGGsNTAPStPVIGGSDKPGMEEK;SHMsGsPGPGGSNTAPSTPVIGGSDKPGMEEK;sHMsGsPGPGGSNTAPSTPVIGGSDKPGMEEK	0.9581	0.9155	0.9581	0.957	0.9505	0.9477	0.9142	0.9164	0.9107	0.8768	0.919	277460.62	369742.88	542649.75	544155.1	689261.8	417477.06	167654.28	173228.55	258911.03	432192.5	164026.03	152955.73	232739.88	275485.62	191453.55	217667.11	95802.64	100387.61	158393.23	172598.12
A0FGR8_S693	ESYT2	sp|A0FGR8|ESYT2_HUMAN	A0FGR8	SHMSGsPGPGGSNTAPSTPVIGGSDKPGMEEK;SHMSGsPGPGGSNTAPSTPVIGGsDKPGMEEK;SHMSGsPGPGGSNTAPStPVIGGSDKPGMEEK;SHMSGsPGPGGSNTAPstPVIGGSDKPGMEEK;SHMSGsPGPGGSNtAPSTPVIGGSDKPGMEEK;SHMSGsPGPGGSNtAPStPVIGGSDKPGMEEK;SHMSGsPGPGGsNTAPStPVIGGSDKPGMEEK;SHMSGsPGPGGsNTAPsTPVIGGSDKPGMEEK;SHMsGsPGPGGSNTAPSTPVIGGSDKPGMEEK;sHMSGsPGPGGSNTAPSTPVIGGSDKPGMEEK;sHMsGsPGPGGSNTAPSTPVIGGSDKPGMEEK	0.9584	0.9281	0.9584	0.9575	0.9511	0.952	0.9508	0.9164	0.9136	0.9295	0.9296	933530.9	804801.6	537137	635091.6	697366	551428.5	268151.66	181657.67	620841.94	579616.5	198638.66	229537.34	200937.27	293985.5	249789.16	238105.73	147761.2	130857.32	287351.25	256956.08
A0FGR8_S699	ESYT2	sp|A0FGR8|ESYT2_HUMAN	A0FGR8	SHMSGSPGPGGsNTAPSTPVIGGSDKPGMEEK;SHMSGSPGPGGsNTAPStPVIGGSDKPGMEEK;SHMSGSPGPGGsNTAPsTPVIGGSDKPGMEEK;SHMSGSPGPGGsNtAPSTPVIGGSDKPGMEEK;SHMSGsPGPGGsNTAPStPVIGGSDKPGMEEK;SHMSGsPGPGGsNTAPsTPVIGGSDKPGMEEK;SHMsGSPGPGGsNTAPStPVIGGSDKPGMEEK;sHMSGSPGPGGsNTAPStPVIGGSDKPGMEEK	0.9445	0.6014	0.9445	0.9439	0.9097	0.2009	0.917	0.8719	0.7856	0.7666	0.5542	168728.12	362497.8	59363.516	63931.133	47689.3	46494.96	44818.086	78341.98	467961.75	369676.3	55563.945	152072.88	174696.8	112065.664	140341.55	0	78231.11	26211.451	172464.78	147967.38
A0FGR8_S704	ESYT2	sp|A0FGR8|ESYT2_HUMAN	A0FGR8	SHMSGSPGPGGSNTAPsTPVIGGSDKPGMEEK;SHMSGSPGPGGSNTAPstPVIGGSDKPGMEEK;SHMSGSPGPGGSNtAPsTPVIGGSDKPGMEEK;SHMSGSPGPGGSNtAPstPVIGGSDKPGMEEK;SHMSGSPGPGGsNTAPsTPVIGGSDKPGMEEK;SHMSGsPGPGGSNTAPstPVIGGSDKPGMEEK;SHMSGsPGPGGsNTAPsTPVIGGSDKPGMEEK;SHMsGSPGPGGSNTAPstPVIGGSDKPGMEEK;sHMSGSPGPGGSNTAPstPVIGGSDKPGMEEK	0.9395	0.9395	0.7976	0.5677	0.8884	0.9304	0.5692	0.8018	0.5691	0.8211	0.9121	1069909.4	628063.1	503124.06	1008568.75	787242	558459.9	261691.22	174749.08	813339.6	1074833	444996.72	268345.44	203399.97	373778.84	266071.94	216073.14	146018.8	127134.85	330733.94	411705.3
A0FGR8_S711	ESYT2	sp|A0FGR8|ESYT2_HUMAN	A0FGR8	SHMSGSPGPGGSNTAPSTPVIGGsDKPGMEEK;SHMSGSPGPGGSNTAPStPVIGGsDKPGMEEK;SHMSGSPGPGGSNtAPSTPVIGGsDKPGMEEK;SHMSGsPGPGGSNTAPSTPVIGGsDKPGMEEK	0.808	0	0.5994	0.4955	0.808	0	0	0	0.7381	0	0	0	16794.564	48393.324	151089.67	0	0	0	48387.4	0	0	0	0	0	0	0	0	0	0	0	0
A0FGR8_S736	ESYT2	sp|A0FGR8|ESYT2_HUMAN	A0FGR8	AQPPEAGPQGLHDLGRsSSsLLASPGHISVK;AQPPEAGPQGLHDLGRssSSLLASPGHISVK;sSSSLLASPGHISVK;sSSsLLASPGHISVK;ssSSLLASPGHISVK	0.9553	0.4928	0.9509	0.9128	0.9512	0.9318	0.9553	0.4823	0.7434	0.8371	0.5882	403650.1	324607.44	318500.75	380967.16	375315.44	415096.5	301857.4	234173.42	400079.22	674192.1	178174.75	145309.83	143835.17	137812.84	160302.64	146722	129972.66	112754.88	192352.52	264313.88
A0FGR8_S737	ESYT2	sp|A0FGR8|ESYT2_HUMAN	A0FGR8	AQPPEAGPQGLHDLGRSssSLLASPGHISVK;AQPPEAGPQGLHDLGRssSSLLASPGHISVK;SsSSLLASPGHISVK;ssSSLLASPGHISVK	0.9128	0.5183	0.5332	0.9128	0.5584	0.4866	0.4581	0.8371	0.7434	0.8371	0.5882	324001.6	259274.31	136560.23	207941.28	138842.67	140189.1	125963.8	178117.95	318718.38	391408.53	125360.25	106717.734	101496.586	68897.91	84329.24	113141.31	108630.07	167161.44	296645.22	386709
A0FGR8_S738	ESYT2	sp|A0FGR8|ESYT2_HUMAN	A0FGR8	AQPPEAGPQGLHDLGRSSssLLASPGHISVK;AQPPEAGPQGLHDLGRSssSLLASPGHISVK;SSsSLLASPGHISVK	0.944	0.6251	0.9338	0.486	0.9226	0.944	0.9321	0.8577	0.8246	0.7809	0.8518	144383.73	295381.62	82107.38	271455.2	194497.98	162222.39	212417.75	17128.602	317898.2	251450.45	0	66104.266	194458.53	90645.516	60324.867	67549.445	89763.84	55343.22	318412.47	363576.1
A0FGR8_S739	ESYT2	sp|A0FGR8|ESYT2_HUMAN	A0FGR8	AQPPEAGPQGLHDLGRSSSsLLAsPGHISVK;AQPPEAGPQGLHDLGRSSssLLASPGHISVK;AQPPEAGPQGLHDLGRsSSsLLASPGHISVK;SSSsLLASPGHISVK;SSSsLLAsPGHISVK;sSSsLLASPGHISVK	0.9566	0.8382	0.9497	0.7248	0.9566	0.9339	0.9561	0.9111	0.9007	0.7908	0.9013	254061.7	381311.62	201360.52	407945.38	443435.75	411732.4	298098.94	107401.766	277852.4	466288.62	131660.9	182821.69	187251.84	184821.64	143939.94	210251.33	105670.56	124760.8	111166.484	148545.78
A0FGR8_S743	ESYT2	sp|A0FGR8|ESYT2_HUMAN	A0FGR8	AQPPEAGPQGLHDLGRSSSsLLAsPGHISVK;SSSSLLAsPGHISVK;SSSSLLAsPGHISVKEPTPSIAsDISLPIATQELR;SSSsLLAsPGHISVK	0.9511	0.9511	0.7481	0.9294	0.8759	0.9457	0.5779	0.9011	0.9379	0.9365	0.9168	99453.55	47834.63	42080.164	52858.12	185716.69	46534.914	141113.7	27020.059	96338.016	144789.56	59206.863	64425.16	56674.867	42352.13	37214.215	48222.86	53851.027	36391.453	68545.28	98198.7
A0FGR8_S748	ESYT2	sp|A0FGR8|ESYT2_HUMAN	A0FGR8	SSSSLLASPGHIsVKEPTPSIASDIsLPIATQELR;SSSSLLASPGHIsVKEPTPsIASDIsLPIATQELR;SSSSLLASPGHIsVKEPtPsIASDISLPIATQELR	0.8343	0	0	0.7664	0	0.8343	0	0	0	0	0	0	0	58439.316	0	67955.266	0	0	0	0	0	0	0	0	0	0	0	0	0	0	0
A0FGR8_S755	ESYT2	sp|A0FGR8|ESYT2_HUMAN	A0FGR8	EPTPsIASDISLPIATQELR;EPTPsIASDIsLPIATQELR;EPTPsIAsDISLPIATQELR;EPTPsIAsDIsLPIATQELR;EPtPsIASDISLPIATQELR;SSSSLLASPGHISVKEPTPsIASDIsLPIATQELR;SSSSLLASPGHISVKEPTPsIAsDISLPIATQELR;SSSSLLASPGHISVKEPTPsIAsDIsLPIATQELR;SSSSLLASPGHISVKEPtPsIASDIsLPIATQELR;SSSSLLASPGHIsVKEPTPsIASDIsLPIATQELR;SSSSLLASPGHIsVKEPtPsIASDISLPIATQELR	0.9606	0.9539	0.959	0.9564	0.9432	0.9572	0.9606	0.9135	0.8712	0.9246	0.9262	64109.43	159765.22	149505.78	370970.53	378229.22	140809.78	76054.88	311024.62	287973.28	390559.72	81902.12	136115.78	72296.37	120591.875	66640.445	113537.8	50717.3	366844.03	219232.73	189842.06
A0FGR8_S758	ESYT2	sp|A0FGR8|ESYT2_HUMAN	A0FGR8	EPTPSIAsDISLPIATQELR;EPTPSIAsDIsLPIATQELR;EPTPsIAsDISLPIATQELR;EPTPsIAsDIsLPIATQELR;EPtPSIAsDISLPIATQELR;SSSSLLASPGHISVKEPTPSIAsDIsLPIAtQELR;SSSSLLASPGHISVKEPTPsIAsDISLPIATQELR;SSSSLLASPGHISVKEPTPsIAsDIsLPIATQELR;SSSSLLAsPGHISVKEPTPSIAsDISLPIATQELR	0.9618	0.959	0.9618	0.9614	0.9596	0.9599	0.9606	0.9314	0.9337	0.9366	0.9393	799898.06	1000181.2	691360.5	833646.5	488038.7	770542.44	423924.12	231684.38	394277.78	606511.4	425282.62	627390.7	397784.34	488750.47	343700.3	492873.75	235377.86	120563.56	198077.25	282221.1
A0FGR8_S761	ESYT2	sp|A0FGR8|ESYT2_HUMAN	A0FGR8	EPTPSIASDIsLPIATQELR;EPTPSIAsDIsLPIATQELR;EPTPsIASDIsLPIATQELR;EPTPsIAsDIsLPIATQELR;SSSSLLASPGHISVKEPTPSIAsDIsLPIAtQELR;SSSSLLASPGHISVKEPTPsIASDIsLPIATQELR;SSSSLLASPGHISVKEPTPsIAsDIsLPIATQELR;SSSSLLASPGHISVKEPtPSIASDIsLPIATQELR;SSSSLLASPGHISVKEPtPsIASDIsLPIATQELR;SSSSLLASPGHIsVKEPTPSIASDIsLPIATQELR;SSSSLLASPGHIsVKEPTPsIASDIsLPIATQELR	0.9616	0.959	0.9616	0.9614	0.9594	0.9601	0.9595	0.9332	0.9338	0.9367	0.9378	581055.6	721777	585855.75	904897	659512.7	591914.6	314706.47	156139.33	259550.16	399131.38	369458.22	426906.6	319058.03	388593.84	204113.5	339174.6	191022.89	101814.945	160746.77	260186.47
A0FGR8_T2	ESYT2	sp|A0FGR8|ESYT2_HUMAN	A0FGR8	MtANRDAALSSHR	0.9333	0	0	0	0	0	0	0	0	0.9333	0	0	0	0	0	0	0	0	0	5716.4956	0	0	0	0	0	0	0	0	0	0	0
A0FGR8_T701	ESYT2	sp|A0FGR8|ESYT2_HUMAN	A0FGR8	SHMSGSPGPGGSNtAPSTPVIGGSDK;SHMSGSPGPGGSNtAPSTPVIGGSDKPGMEEK;SHMSGSPGPGGSNtAPSTPVIGGsDKPGMEEK;SHMSGSPGPGGSNtAPStPVIGGSDKPGMEEK;SHMSGSPGPGGSNtAPsTPVIGGSDKPGMEEK;SHMSGSPGPGGSNtAPstPVIGGSDKPGMEEK;SHMSGSPGPGGsNtAPSTPVIGGSDKPGMEEK;SHMSGsPGPGGSNtAPSTPVIGGSDKPGMEEK;SHMSGsPGPGGSNtAPStPVIGGSDKPGMEEK;SHMsGSPGPGGSNtAPStPVIGGSDKPGMEEK;sHMSGSPGPGGSNtAPStPVIGGSDKPGMEEK	0.9484	0.9281	0.9172	0.8039	0.9382	0.9484	0.7826	0.9135	0.8909	0.9237	0.8965	965839.44	438999.06	469878.34	814764	819074.5	515732.1	313967.16	156614.89	1017119.75	1082732.6	337713.84	228893.88	191855.98	290339.34	274437.53	179688.53	192131.23	215005.53	346193.5	479532.97
A0FGR8_T705	ESYT2	sp|A0FGR8|ESYT2_HUMAN	A0FGR8	SHMSGSPGPGGSNTAPStPVIGGSDKPGMEEK;SHMSGSPGPGGSNTAPStPVIGGsDKPGMEEK;SHMSGSPGPGGSNTAPstPVIGGSDKPGMEEK;SHMSGSPGPGGSNtAPStPVIGGSDKPGMEEK;SHMSGSPGPGGSNtAPstPVIGGSDKPGMEEK;SHMSGSPGPGGsNTAPStPVIGGSDKPGMEEK;SHMSGsPGPGGSNTAPStPVIGGSDKPGMEEK;SHMSGsPGPGGSNTAPstPVIGGSDKPGMEEK;SHMSGsPGPGGSNtAPStPVIGGSDKPGMEEK;SHMSGsPGPGGsNTAPStPVIGGSDKPGMEEK;SHMsGSPGPGGSNTAPstPVIGGSDKPGMEEK;SHMsGSPGPGGSNtAPStPVIGGSDKPGMEEK;SHMsGSPGPGGsNTAPStPVIGGSDKPGMEEK;sHMSGSPGPGGSNTAPstPVIGGSDKPGMEEK;sHMSGSPGPGGSNtAPStPVIGGSDKPGMEEK;sHMSGSPGPGGsNTAPStPVIGGSDKPGMEEK	0.9525	0.9434	0.9126	0.919	0.9425	0.9479	0.9525	0.9113	0.8746	0.9244	0.8986	1276219.6	779480.56	476751.5	606353.5	800851.25	537397.9	337829.12	165794.34	1074251.8	1064885.5	384474.34	256918.23	214561.7	357270.3	337194.16	224610.23	138250.92	128239.945	347699.4	371770.47
A0FGR8_T753	ESYT2	sp|A0FGR8|ESYT2_HUMAN	A0FGR8	EPtPSIAsDISLPIATQELR;EPtPsIASDISLPIATQELR;SSSSLLASPGHISVKEPtPSIASDIsLPIATQELR;SSSSLLASPGHISVKEPtPsIASDIsLPIATQELR;SSSSLLASPGHIsVKEPtPsIASDISLPIATQELR	0.873	0.8143	0	0	0.6068	0.4899	0	0.6091	0.4899	0.7213	0.873	19645.355	0	0	44453.258	74712.39	0	45252.453	56083.56	24367.662	76203.36	0	0	0	39087.95	0	0	23687.316	72538.42	31517.113	67005.96
A0FGR8_T766	ESYT2	sp|A0FGR8|ESYT2_HUMAN	A0FGR8	SSSSLLASPGHISVKEPTPSIAsDIsLPIAtQELR	0.679	0	0	0	0	0	0.679	0	0	0	0	0	0	0	0	0	34605.87	0	0	0	0	0	0	0	0	0	0	0	0	0	0
A0FGR8_T921	ESYT2	sp|A0FGR8|ESYT2_HUMAN	A0FGR8	GWTQWYDLTEDGTRPQAMt	0.9605	0.9577	0.9601	0.9522	0.9587	0.9605	0.9587	0.9319	0	0.9168	0.9286	33353.293	20578.76	12421.076	49878.234	35311.387	15348.834	10969.709	0	27034.842	78873.445	34795.88	21468.824	12958.309	52035.55	36838.664	16012.696	11444.167	0	28204.145	33397.082
A0FGR9_S697	ESYT3	sp|A0FGR9|ESYT3_HUMAN	A0FGR9	SPATIFLTVPGPHsPGPIK	0.9341	0	0	0	0	0	0	0.9341	0.892	0.8848	0.9132	0	0	0	0	0	0	17595.818	0	24689.988	18970.82	0	0	0	0	0	0	17595.818	0	24689.988	18970.82
A0FGR9_T691	ESYT3	sp|A0FGR9|ESYT3_HUMAN	A0FGR9	SPATIFLtVPGPHSPGPIK	0.6964	0	0	0	0	0	0	0.6964	0	0	0	0	0	0	0	0	0	9261.748	0	0	0	0	0	0	0	0	0	0	0	0	0
A0JLT2_S194	MED19	sp|A0JLT2|MED19_HUMAN	A0JLT2	TQDPVPPETPsDSDHK;TQDPVPPETPsDSDHKK	0.9488	0	0	0.9378	0.9488	0.4881	0	0.4811	0	0.9153	0.4825	0	0	29711.84	26812.5	8384.799	0	21550.295	0	0	19702.613	0	0	17948.248	16076.264	14466.858	0	19934.984	0	0	18225.797
A0JLT2_S226	MED19	sp|A0JLT2|MED19_HUMAN	A0JLT2	NRHsPDHPGMGSSQASSSSSLR	0.9608	0.9586	0.9608	0.9506	0.9549	0.9563	0.9486	0.9353	0.9148	0.9339	0.9283	43925.08	110543.125	84870.92	121226.234	63445.21	87111.85	117874.48	16762.332	101246.95	86140.58	50101.92	47656.32	45636.285	60812.645	34376.74	44165.234	47523.105	23420.39	63398.74	56643.742
A0JLT2_S234	MED19	sp|A0JLT2|MED19_HUMAN	A0JLT2	NRHSPDHPGMGsSQASSSSSLR	0.7107	0.7107	0	0	0	0	0.501	0	0	0	0	10961.59	0	0	0	0	18162.477	0	0	0	0	0	0	0	0	0	0	0	0	0	0
A0JLT2_T192	MED19	sp|A0JLT2|MED19_HUMAN	A0JLT2	TQDPVPPEtPSDSDHK;TQDPVPPEtPSDSDHKK	0.9403	0	0.9403	0	0	0.4177	0	0.8936	0.8614	0	0	0	0	0	0	23975.916	0	10852.882	7292.06	0	0	0	0	0	0	15149.1875	0	0	7292.06	0	0
A0JNW5_S1009	BLTP3B	sp|A0JNW5|BLT3B_HUMAN	A0JNW5	DSFYTDSSsILNYR	0.841	0	0	0	0	0	0	0	0	0.841	0	0	0	0	0	0	0	0	0	12684.929	0	0	0	0	0	0	0	0	0	0	0
A0JNW5_S1021	BLTP3B	sp|A0JNW5|BLT3B_HUMAN	A0JNW5	EDSNILsFDSDGNQNILSSTLTSK	0.9507	0.4826	0	0	0.9243	0.9507	0.9063	0	0	0.8138	0	22253.422	0	0	16671.826	15199.319	19238.762	0	0	14778.129	0	22253.422	0	0	16671.826	15199.319	19238.762	0	0	14778.129	0
A0JNW5_S1024	BLTP3B	sp|A0JNW5|BLT3B_HUMAN	A0JNW5	EDSNILSFDsDGNQNILSSTLTSK	0.9285	0	0.9285	0.8147	0	0	0	0	0	0.8748	0.8655	0	36388.156	20774.281	0	0	0	0	0	13650.534	14678.635	0	25918.105	20774.281	0	0	0	0	0	13650.534	14678.635
A0JNW5_S1402	BLTP3B	sp|A0JNW5|BLT3B_HUMAN	A0JNW5	SVTQATQTsPGVPWPSQSANFPEFSFDFTR	0.9602	0.9558	0.9598	0.9602	0.956	0.958	0.9585	0.9373	0.9288	0.9364	0.9374	104474.914	90984.414	72585.055	79604.984	40298.87	73589.58	72832.26	33667.41	0	88606.5	89508.36	73633.875	60793.133	69552.56	40298.87	57173.062	72832.26	0	0	88606.5
A0JNW5_S414	BLTP3B	sp|A0JNW5|BLT3B_HUMAN	A0JNW5	DHNVGsPPKsPTHASPQHTQTEK	0.9593	0.6407	0.9321	0.9532	0.906	0.9593	0.9505	0.9141	0.9276	0.9065	0.8919	15246.3125	24996.822	48485.188	15302.426	18642.816	54119.62	66385.33	24062.701	29485.885	108037.9	15923.083	26106.41	24098.5	15981.6875	19470.355	26881.486	69332.12	25130.824	30794.738	73956.76
A0JNW5_S418	BLTP3B	sp|A0JNW5|BLT3B_HUMAN	A0JNW5	DHNVGSPPKsPTHASPQHTQTEK;DHNVGSPPKsPTHASPQHTQTEKDYPLK;DHNVGsPPKsPTHASPQHTQTEK	0.9604	0.9457	0.9503	0.9523	0.9398	0.9604	0.9525	0.9215	0.9273	0.9198	0.9241	310054.4	264724.2	293795.72	307151.72	293390.56	306883.38	342449.97	208052.39	537533.94	498375.03	173816.12	181844.52	194843.28	179539.33	188065.25	206522.72	218739.08	164246.48	284402.3	319996.72
A0JNW5_S423	BLTP3B	sp|A0JNW5|BLT3B_HUMAN	A0JNW5	DHNVGSPPKSPTHAsPQHTQTEK;DHNVGSPPKSPTHAsPQHTQTEKDYPLK;DHNVGSPPKSPtHAsPQHTQTEK	0.7066	0	0	0	0	0	0	0.3811	0.2416	0.6299	0.7066	0	0	0	0	0	0	12206.292	0	166057.28	41477.625	0	0	0	0	0	0	26358.135	0	28900.037	44783.168
A0JNW5_S774	BLTP3B	sp|A0JNW5|BLT3B_HUMAN	A0JNW5	EYYsTESEPLTNGGQKPSSSDTFFR	0.9555	0.953	0.9555	0.9544	0.9509	0.9515	0.9546	0.8681	0.9107	0.9237	0.9103	181209.25	184131.92	225323	110026.53	126541.58	82340.086	37935.105	28833.768	103746.125	46829.434	98635.484	79425.266	100594.086	89357.09	56358.46	58164.383	38986.84	29633.17	51152.16	48127.758
A0JNW5_S790	BLTP3B	sp|A0JNW5|BLT3B_HUMAN	A0JNW5	EYYSTESEPLTNGGQKPSSsDTFFR	0.3096	0	0	0	0.3096	0	0	0	0	0	0.2378	0	0	0	51415.188	0	0	0	0	0	0	0	0	0	0	0	0	0	0	0	0
A0JNW5_S884	BLTP3B	sp|A0JNW5|BLT3B_HUMAN	A0JNW5	sPVSESVSPVVPDYLPTENGDFLSSK	0.5734	0.2447	0.2471	0	0.247	0	0.5734	0	0	0.2454	0	21106.549	20833.96	0	0	0	19125.977	0	0	48413.598	0	21106.549	20833.96	0	0	0	19125.977	0	0	48413.598	0
A0JNW5_S887	BLTP3B	sp|A0JNW5|BLT3B_HUMAN	A0JNW5	SPVsESVsPVVPDYLPTENGDFLSSK	0.9217	0.9217	0.9145	0.567	0.5707	0.5733	0.5667	0	0	0	0	21350.098	67015.586	53157.67	27126.275	22613.418	23859.191	0	0	0	0	17183.887	35099.87	18507.182	33703.613	28096.52	29644.357	0	0	0	0
A0JNW5_S889	BLTP3B	sp|A0JNW5|BLT3B_HUMAN	A0JNW5	SPVSEsVSPVVPDYLPTENGDFLSSK;SPVSEsVsPVVPDYLPTENGDFLSSK	0.9072	0.9072	0.6376	0.6552	0.4891	0.4744	0.4702	0	0	0.4403	0	114415.65	70548.39	80741.086	9671.412	33538.176	26066.408	0	0	42323.51	0	82780.47	91211.72	104389.81	0	19855.744	10157.615	0	0	54719.89	0
A0JNW5_S891	BLTP3B	sp|A0JNW5|BLT3B_HUMAN	A0JNW5	SPVSESVsPVVPDYLPTENGDFLSSK;SPVSEsVsPVVPDYLPTENGDFLSSK;SPVsESVsPVVPDYLPTENGDFLSSK	0.957	0.9535	0.9568	0.957	0.9549	0.9538	0.9569	0.9158	0.9272	0.9339	0.935	182096.7	215844.39	178153.69	204421.97	92002.016	188695.22	38910.992	28335.291	98780.17	122978.34	88128.3	100675.59	77478.93	94365.09	62902.4	77808.125	54423.19	39631.4	59048.195	73020.81
A0JNW5_S933	BLTP3B	sp|A0JNW5|BLT3B_HUMAN	A0JNW5	sMSVDLSHIPLKDPLLFK	0.9218	0	0	0	0	0.9218	0	0.4846	0	0	0	0	0	0	0	0	0	63063.137	0	0	0	0	0	0	0	0	0	0	0	0	0
A0JNW5_S935	BLTP3B	sp|A0JNW5|BLT3B_HUMAN	A0JNW5	SMsVDLSHIPLKDPLLFK	0.9611	0.9579	0.9611	0.9602	0.9591	0.9607	0.9589	0.9358	0.9193	0.9358	0.9325	280093.75	270589.88	254573.6	258718.2	120647.27	211317.73	249204.56	124572.16	482233.03	349007.9	191483.86	176049.75	165076.25	163348.06	78440.17	139294.98	171575.6	92013.54	168941.31	214605.05
A0JNW5_S976	BLTP3B	sp|A0JNW5|BLT3B_HUMAN	A0JNW5	HLGKIsEDESSGLVYK	0.9341	0	0	0	0	0	0	0.8579	0.9341	0.9003	0	0	0	0	0	0	0	15866.944	12733.905	17510.604	0	0	0	0	0	0	0	15866.944	12733.905	17510.604	0
A0JNW5_S987	BLTP3B	sp|A0JNW5|BLT3B_HUMAN	A0JNW5	ISEDESSGLVYKsGSGEIGSETSDK;sGSGEIGSETSDK;sGSGEIGSETSDKK	0.9515	0	0	0.4878	0	0	0.9515	0.7806	0.4835	0.9235	0.9257	0	0	181716.77	0	0	179470.38	134737.55	104935.87	231738.6	224117.77	0	0	181716.77	0	0	179470.38	122367.375	104935.87	198562.77	224117.77
A0JNW5_S989	BLTP3B	sp|A0JNW5|BLT3B_HUMAN	A0JNW5	SGsGEIGSETSDK;SGsGEIGSETSDKK	0.9596	0.957	0.9585	0.9391	0.9527	0.8947	0.9596	0.9273	0.8762	0	0.828	209596.17	198270.7	180530.83	194663.67	115865.2	177863.7	118889.1	115510.305	0	20161.514	202171.27	191247	174135.56	187767.75	111760.695	171562.9	114677.48	99177.37	0	157563.05
A0JNW5_T420	BLTP3B	sp|A0JNW5|BLT3B_HUMAN	A0JNW5	DHNVGSPPKSPtHASPQHTQTEK;DHNVGSPPKSPtHASPQHTQTEKDYPLK;DHNVGSPPKSPtHAsPQHTQTEK	0.903	0	0	0	0	0	0.5129	0.903	0	0.6299	0.8588	0	0	0	0	0	0	58824.387	0	13381.37	172190.52	0	0	0	0	0	0	34097.277	0	37376.426	57933.727
A0JNW5_T429	BLTP3B	sp|A0JNW5|BLT3B_HUMAN	A0JNW5	DHNVGSPPKSPTHASPQHTQtEKDYPLK	0.8837	0	0	0	0.1429	0	0.1659	0.8837	0	0	0	0	0	0	9628.38	0	16290.137	91616.06	0	0	0	0	0	0	9628.38	0	16290.137	0	0	0	0
A0JNW5_T775	BLTP3B	sp|A0JNW5|BLT3B_HUMAN	A0JNW5	EYYStESEPLTNGGQKPSSSDTFFR	0.8939	0	0.4337	0.4119	0	0.8536	0	0	0	0.8939	0	0	52018.668	0	0	47345.2	0	0	0	0	0	0	52018.668	0	0	24265.555	0	0	0	0	0
A0JNW5_T900	BLTP3B	sp|A0JNW5|BLT3B_HUMAN	A0JNW5	SPVSESVSPVVPDYLPtENGDFLSSK	0.4151	0	0	0	0.4151	0	0	0	0	0	0	0	0	0	5534.56	0	0	0	0	0	0	0	0	0	0	0	0	0	0	0	0
A0JNW5_T924	BLTP3B	sp|A0JNW5|BLT3B_HUMAN	A0JNW5	SVtVNHMSDNR	0.853	0	0	0.4936	0	0	0.853	0	0	0	0	0	0	10742.952	0	0	13163.22	0	0	0	0	0	0	0	0	0	0	0	0	0	0
A0JNW5_Y1004	BLTP3B	sp|A0JNW5|BLT3B_HUMAN	A0JNW5	DSFyTDSSSILNYR	0.4151	0	0	0	0	0	0	0	0	0	0.4151	0	0	0	0	0	0	0	0	0	14109.579	0	0	0	0	0	0	0	0	0	0
A0JNW5_Y433	BLTP3B	sp|A0JNW5|BLT3B_HUMAN	A0JNW5	DHNVGSPPKSPTHASPQHTQTEKDyPLK	0.4097	0	0	0	0	0	0	0	0	0.4097	0	0	0	0	0	0	0	0	0	25986.111	0	0	0	0	0	0	0	0	0	0	0
A0MZ66_S101	SHTN1	sp|A0MZ66|SHOT1_HUMAN	A0MZ66	RIsMLYMAK	0.7939	0	0	0	0	0	0	0.7939	0	0	0	0	0	0	0	0	0	9345.794	0	0	0	0	0	0	0	0	0	0	0	0	0
A0MZ66_S249	SHTN1	sp|A0MZ66|SHOT1_HUMAN	A0MZ66	RQsHLLLQSSIPDQQLLK	0.9619	0.9524	0.9618	0.9619	0.9598	0.9517	0.9608	0.9426	0.9315	0.9411	0.9428	110355.33	163184.9	150638.34	119554.92	84038.44	188700.23	77335.31	61821.133	39622.184	46597.598	71194.29	105071.63	96994.836	76490.31	53932.09	119715.04	77335.31	61821.133	39622.184	46597.598
A0MZ66_S3	SHTN1	sp|A0MZ66|SHOT1_HUMAN	A0MZ66	MNsSDEEKQLQLITSLK;MNssDEEKQLQLITSLK	0.9621	0.9508	0.9621	0.9538	0	0.4884	0.9614	0	0.4838	0.482	0.4769	85494.14	94117.45	84680.84	0	43114.51	23100.809	0	10564.463	32771.023	0	54726.87	68046.6	62435.23	0	38618.387	77588.56	0	9462.766	29353.553	0
A0MZ66_S375	SHTN1	sp|A0MZ66|SHOT1_HUMAN	A0MZ66	SLMsMIR	0.9335	0	0	0	0	0	0	0.9206	0	0.6895	0.9335	0	0	0	0	0	0	3451.7588	0	6948.012	7155.0835	0	0	0	0	0	0	3451.7588	0	6948.012	7155.0835
A0MZ66_S4	SHTN1	sp|A0MZ66|SHOT1_HUMAN	A0MZ66	MNSsDEEKQLQLITSLK;MNssDEEKQLQLITSLK	0.9621	0.9508	0.9621	0.9538	0.9494	0.9351	0.9614	0.9131	0	0.9104	0.9208	11558.034	22563.65	23521.988	54487.203	41616.113	23100.809	23075.33	0	0	0	11558.034	22563.65	23521.988	54487.203	41616.113	23100.809	15934.4795	0	0	0
A0MZ66_S459	SHTN1	sp|A0MZ66|SHOT1_HUMAN	A0MZ66	stSSRSLKsLDPENSETELER	0.5166	0	0.4686	0.5166	0	0	0	0	0	0	0	0	13037.124	19953.24	0	0	0	0	0	0	0	0	13037.124	19953.24	0	0	0	0	0	0	0
A0MZ66_S461	SHTN1	sp|A0MZ66|SHOT1_HUMAN	A0MZ66	STsSRsLKsLDPENSETELER	0.5391	0	0	0	0	0	0.5391	0	0	0	0	0	0	0	0	0	17052.086	0	0	0	0	0	0	0	0	0	0	0	0	0	0
A0MZ66_S462	SHTN1	sp|A0MZ66|SHOT1_HUMAN	A0MZ66	STSsRsLKsLDPENSETELER	0.4748	0	0.4748	0	0	0	0	0	0	0	0	0	23748.068	0	0	0	0	0	0	0	0	0	0	0	0	0	0	0	0	0	0
A0MZ66_S464	SHTN1	sp|A0MZ66|SHOT1_HUMAN	A0MZ66	STSSRsLKSLDPENsEtELER;STSsRsLKsLDPENSETELER;STsSRsLKsLDPENSETELER;sLKsLDPENSETELER	0.9619	0	0.9477	0.9619	0	0	0.9609	0	0	0	0	0	47263.344	28134.244	0	0	63953.47	0	0	0	0	0	23592.63	28226.771	0	0	25527.03	0	0	0	0
A0MZ66_S467	SHTN1	sp|A0MZ66|SHOT1_HUMAN	A0MZ66	SLKsLDPENSETELER;STSsRsLKsLDPENSETELER;STsSRsLKsLDPENSETELER;sLKsLDPENSETELER;stSSRSLKsLDPENSETELER	0.9619	0	0.9594	0.9619	0	0	0.9609	0	0.4859	0	0	0	60300.47	71521.99	0	0	66142.41	0	14854.496	0	0	0	22644	29309.96	0	0	25613.533	0	0	0	0
A0MZ66_S473	SHTN1	sp|A0MZ66|SHOT1_HUMAN	A0MZ66	STSSRsLKSLDPENsEtELER	0.4245	0	0	0	0	0	0.4245	0	0	0	0	0	0	0	0	0	21458.03	0	0	0	0	0	0	0	0	0	0	0	0	0	0
A0MZ66_S492	SHTN1	sp|A0MZ66|SHOT1_HUMAN	A0MZ66	KVTAEADsSSPTGILATSESK	0.5722	0.5722	0.3227	0.3255	0.3239	0	0	0.2409	0	0.2393	0.3008	141298.98	83121.18	134378.08	97265.12	0	0	52547.695	0	76831.94	110682.78	141298.98	83121.18	134378.08	97265.12	0	0	52547.695	0	76831.94	110682.78
A0MZ66_S493	SHTN1	sp|A0MZ66|SHOT1_HUMAN	A0MZ66	VTAEADSsSPTGILATSESK	0.8497	0	0.4756	0	0.4825	0	0	0.8497	0.4681	0.4528	0.3201	0	21242.453	0	164727.52	0	0	154441.62	143659.5	219489.31	266205.88	0	21242.453	0	164727.52	0	0	154441.62	143659.5	219489.31	266205.88
A0MZ66_S494	SHTN1	sp|A0MZ66|SHOT1_HUMAN	A0MZ66	KVTAEADSSsPTGILATSESK;VTAEADSSsPTGILATSESK	0.9605	0.9574	0.9595	0.9605	0.9586	0.9566	0.9601	0.9373	0.9281	0.9391	0.9341	424438.53	495107.9	448757.25	468109.44	299261.75	483806.5	306311.38	336905	363832.22	701705.9	237403.84	223258.38	219972.58	236373.75	134300.75	225290.62	142177.3	79573.38	175759.52	246382.06
A0MZ66_S506	SHTN1	sp|A0MZ66|SHOT1_HUMAN	A0MZ66	sMPVLGSVSSVTK	0.9618	0.9594	0.9617	0.9618	0.9598	0.9614	0.9613	0.9439	0.9424	0.9412	0.941	78421.21	103851.72	115448.016	53922.742	38905.16	102520.75	65098.562	65056.234	73453.945	80803.64	53468.957	74479.586	84660.36	53922.742	38905.16	77312.71	51226.31	51671.883	55845.223	60237.883
A0MZ66_S532	SHTN1	sp|A0MZ66|SHOT1_HUMAN	A0MZ66	TLEAEFNsPSPPTPEPGEGPR;TLEAEFNsPSPPtPEPGEGPR	0.9555	0.9519	0.932	0.9544	0.9526	0.9265	0.9555	0.7575	0.4798	0.6391	0.6724	215455.02	49461.33	47998.83	56460.242	17165.273	33476.26	35865.586	20084.969	23821.996	78424.33	96830.95	28206.193	27535.395	30150.066	19676.459	17991.129	20733.264	23206.602	27524.443	30707.234
A0MZ66_S534	SHTN1	sp|A0MZ66|SHOT1_HUMAN	A0MZ66	TLEAEFNSPsPPTPEPGEGPR;TLEAEFNSPsPPtPEPGEGPR	0.9602	0.9561	0.9602	0.9586	0.9591	0.9597	0.9594	0.8707	0.9184	0.9327	0.9246	197120.56	171161.12	138434.42	191068.38	134551.5	168319.81	38472.137	33074.555	111685.59	142317.42	132764.81	137368.62	112830.24	149281.9	106662.01	135377.22	70852.07	32195.738	93260.1	118089.82
A0MZ66_T460	SHTN1	sp|A0MZ66|SHOT1_HUMAN	A0MZ66	stSSRSLKsLDPENSETELER	0.5166	0	0.4686	0.5166	0	0	0	0	0	0	0	0	13037.124	19953.24	0	0	0	0	0	0	0	0	13037.124	19953.24	0	0	0	0	0	0	0
A0MZ66_T475	SHTN1	sp|A0MZ66|SHOT1_HUMAN	A0MZ66	STSSRsLKSLDPENsEtELER	0.4245	0	0	0	0	0	0.4245	0	0	0	0	0	0	0	0	0	21458.03	0	0	0	0	0	0	0	0	0	0	0	0	0	0
A0MZ66_T496	SHTN1	sp|A0MZ66|SHOT1_HUMAN	A0MZ66	KVTAEADSSSPtGILATSESK;VTAEADSSSPtGILATSESK	0.9216	0.9083	0	0	0.9216	0	0	0	0	0	0.7049	153654.72	0	0	153700.48	0	0	0	0	0	255562.08	153654.72	0	0	153700.48	0	0	0	0	0	0
A0MZ66_T537	SHTN1	sp|A0MZ66|SHOT1_HUMAN	A0MZ66	TLEAEFNSPSPPtPEPGEGPR;TLEAEFNSPsPPtPEPGEGPR;TLEAEFNsPSPPtPEPGEGPR	0.9606	0.9541	0.9606	0.9535	0.9589	0.9582	0.9594	0.908	0.94	0.9389	0.9412	232100.92	180185.58	170836.44	188847.34	111143.33	175410.31	80967.53	67334.77	123889.9	156651.75	156600.42	116680.48	110831.82	121906.89	72175.76	112625.36	66045.59	52066.312	99662.27	101220.35
A1A4S6_S589	ARHGAP10	sp|A1A4S6|RHG10_HUMAN	A1A4S6	TPPDTTFPEPTCLsASPPNAPPR	0.8472	0.4846	0.4825	0	0.4853	0	0.4827	0	0.4749	0.8472	0.4474	124982.836	121108.02	0	117898.945	0	31715.922	0	20518.074	70179.63	43728.156	124982.836	121108.02	0	117898.945	0	31715.922	0	20518.074	70179.63	43728.156
A1A4S6_S591	ARHGAP10	sp|A1A4S6|RHG10_HUMAN	A1A4S6	TPPDTTFPEPTCLSAsPPNAPPR	0.9599	0.9525	0.9599	0.9596	0.9579	0	0.9269	0.9299	0.895	0.9288	0.9248	242067.39	237904.95	189772	187238.34	0	49205.89	55003.562	61858.008	56877.95	102057.14	122564.53	151170.72	91840.32	101855.195	0	60339.32	34025.87	28082.52	29351.42	49285.594
A1A4S6_S643	ARHGAP10	sp|A1A4S6|RHG10_HUMAN	A1A4S6	EDTPTSSLDSLSsPSPVTTAVPGPPGPDK	0.8183	0	0	0	0	0	0	0	0	0.8183	0	0	0	0	0	0	0	0	0	8201.651	0	0	0	0	0	0	0	0	0	0	0
A1A4S6_S692	ARHGAP10	sp|A1A4S6|RHG10_HUMAN	A1A4S6	SSMVQWLNPQsPTTTSSNSAVTPLSPGSSPFPFSPPATVADKPPESIR	0.9522	0.3963	0.9492	0.9511	0.9522	0.8534	0.9252	0.2054	0.5821	0.9246	0.8635	51024.742	89745.68	66541.766	45963.805	69772.54	99081.266	51688.395	28369.89	44498.043	53774.836	51024.742	89745.68	66541.766	45963.805	49398.258	68223.77	51688.395	28369.89	44498.043	53774.836
A1A4S6_S698	ARHGAP10	sp|A1A4S6|RHG10_HUMAN	A1A4S6	SSMVQWLNPQSPTTTSsNSAVTPLSPGSSPFPFSPPATVADKPPESIR	0.3168	0	0	0	0	0.3168	0	0	0	0	0	0	0	0	0	36414.867	0	0	0	0	0	0	0	0	0	0	0	0	0	0	0
A1A4S6_S700	ARHGAP10	sp|A1A4S6|RHG10_HUMAN	A1A4S6	SSMVQWLNPQSPTTTSSNsAVTPLSPGSSPFPFSPPATVADKPPESIR	0.8356	0	0	0.176	0.8356	0	0	0	0	0.8132	0	0	0	42707.617	45992.453	0	0	0	0	42397.277	0	0	0	0	45992.453	0	0	0	0	42397.277	0
A1A4S6_S709	ARHGAP10	sp|A1A4S6|RHG10_HUMAN	A1A4S6	SSMVQWLNPQSPTTTSSNSAVTPLSPGsSPFPFSPPATVADKPPESIR	0.26	0	0	0.26	0	0	0	0	0	0	0	0	0	39828.613	0	0	0	0	0	0	0	0	0	0	0	0	0	0	0	0	0
A1A4S6_T586	ARHGAP10	sp|A1A4S6|RHG10_HUMAN	A1A4S6	TPPDTTFPEPtCLSASPPNAPPR	0.9042	0.7003	0.8011	0.3284	0.3284	0	0.4228	0.3243	0	0.9042	0.3258	129684.96	80152.664	124029.484	103100.984	0	37772.13	18941.004	0	66796.05	31004.947	129684.96	80152.664	124029.484	103100.984	0	37772.13	18941.004	0	66796.05	31004.947
A1A4S6_T694	ARHGAP10	sp|A1A4S6|RHG10_HUMAN	A1A4S6	SSMVQWLNPQSPtTTSSNSAVTPLSPGSSPFPFSPPATVADKPPESIR	0.9004	0.1431	0.0903	0.4517	0.1627	0	0.1352	0.1878	0.1486	0.1389	0.9004	38821.2	17522.299	36868.445	34390.496	0	0	35741.668	11549.438	0	48809.387	38821.2	17522.299	36868.445	34390.496	0	0	35741.668	11549.438	0	48809.387
A1A4S6_T703	ARHGAP10	sp|A1A4S6|RHG10_HUMAN	A1A4S6	SSMVQWLNPQSPTTTSSNSAVtPLSPGSSPFPFSPPATVADKPPESIR	0.1668	0	0	0	0.1668	0	0	0	0	0	0	0	0	0	23371.021	0	0	0	0	0	0	0	0	0	0	0	0	0	0	0	0
A1A4S6_T719	ARHGAP10	sp|A1A4S6|RHG10_HUMAN	A1A4S6	SSMVQWLNPQSPTTTSSNSAVTPLSPGSSPFPFSPPAtVADKPPESIR	0.3972	0.3972	0	0	0	0	0	0	0	0	0	32662.137	0	0	0	0	0	0	0	0	0	0	0	0	0	0	0	0	0	0	0
A1A5D9_S36	BICDL2	sp|A1A5D9|BICL2_HUMAN	A1A5D9	RDsFLGGGPGPEEPEDLALQLQQK	1	0	0	0	0	0	0	1	0	0	0	0	0	0	0	0	0	7593.1826	0	0	0	0	0	0	0	0	0	0	0	0	0
A1L0T0_S292	ILVBL	sp|A1L0T0|HACL2_HUMAN	A1L0T0	PLMVLGsQALLTPTsADK	0.6393	0	0	0	0	0	0	0	0.6393	0	0	0	0	0	0	0	0	0	4870.0234	0	0	0	0	0	0	0	0	0	0	0	0
A1L0T0_S300	ILVBL	sp|A1L0T0|HACL2_HUMAN	A1L0T0	PLMVLGsQALLTPTsADK	0.5749	0	0	0	0	0	0	0	0.5749	0	0	0	0	0	0	0	0	0	4870.0234	0	0	0	0	0	0	0	0	0	0	0	0
A1L170_S18	C1orf226	sp|A1L170|CA226_HUMAN	A1L170	sFPHLSKPVAPGSAPLGSGEPGGPGLWVGSSQHLK	0.5253	0	0	0	0.5253	0	0	0	0	0.4734	0	0	0	0	18066.697	0	0	0	0	25941.824	0	0	0	0	18066.697	0	0	0	0	25941.824	0
A1L170_S198	C1orf226	sp|A1L170|CA226_HUMAN	A1L170	VLPNGEVSLsVPDLIHK	0.9387	0	0	0	0.9387	0	0	0.5	0.84	0.9205	0.8459	0	0	0	7740.797	0	0	13130.486	13145.367	15761.346	39575.977	0	0	0	7614.074	0	0	16273.49	12930.168	15503.32	21703.371
A1L170_S222	C1orf226	sp|A1L170|CA226_HUMAN	A1L170	AsSPSLIER;RAsSPSLIER;RAssPSLIER	0.9629	0	0.9552	0.8074	0.9502	0.4921	0.9629	0.901	0.916	0.9112	0.7538	0	72429.72	22972.277	64941.29	16540.764	20860.21	12557.724	11324.447	33469.184	10123.309	0	35035.29	22882.246	37227.27	16475.94	28511.502	12508.509	11280.066	33338.016	10083.635
A1L170_S223	C1orf226	sp|A1L170|CA226_HUMAN	A1L170	ASsPSLIER;RASsPSLIER;RAssPSLIER	0.9629	0.9562	0.9552	0.9374	0.9451	0.9543	0.9629	0.9302	0.6184	0.9322	0.8974	54199.203	55079.734	25658.71	34204.332	13798.473	72703.516	21937.854	26307.232	42386.52	56573.37	25694.434	31702.969	27594.451	30107.426	14839.455	25568.422	19310.193	28291.898	45584.24	60841.37
A1L170_S23	C1orf226	sp|A1L170|CA226_HUMAN	A1L170	SFPHLsKPVAPGSAPLGSGEPGGPGLWVGSSQHLK	0.8956	0	0	0	0	0	0	0	0	0	0.8956	0	0	0	0	0	0	0	0	0	28021.898	0	0	0	0	0	0	0	0	0	0
A1L170_S240	C1orf226	sp|A1L170|CA226_HUMAN	A1L170	LSLSPIsLAESWEDGSPPPQAR	0.5749	0	0	0	0	0	0	0	0	0	0.5749	0	0	0	0	0	0	0	0	0	24074.578	0	0	0	0	0	0	0	0	0	0
A1L170_S244	C1orf226	sp|A1L170|CA226_HUMAN	A1L170	LSLSPISLAEsWEDGSPPPQAR;LSLSPISLAEsWEDGsPPPQAR	0.9549	0.9549	0.9526	0.9141	0.7991	0	0.9401	0.7714	0.9254	0.9159	0.8889	28689.451	26996.064	24546.193	53330.6	0	31210.438	15044.237	0	17282.04	13778.153	28689.451	26996.064	24546.193	53330.6	0	20023.111	15044.237	0	17282.04	13778.153
A1L170_S249	C1orf226	sp|A1L170|CA226_HUMAN	A1L170	LSLSPISLAESWEDGsPPPQAR;LSLSPISLAEsWEDGsPPPQAR	0.9598	0.9571	0.959	0.9591	0.9574	0.9593	0.9598	0.9152	0.9267	0.9325	0.9291	96200.19	118226.875	74455.2	74521.67	43904.61	76029.79	106442.805	46610.863	75933.36	49997.637	96200.19	118226.875	74455.2	74521.67	43904.61	64842.465	90690.984	46610.863	60725.098	49997.637
A1L170_S258	C1orf226	sp|A1L170|CA226_HUMAN	A1L170	TSsLDNEGPHPDLLSFE	0.9541	0.9453	0.9363	0.9521	0.9138	0.9541	0.9174	0	0	0	0.3241	25384.96	33798.83	51549.484	20325.293	27141.21	23733.252	0	0	0	19874.283	25324.072	33717.758	26310.975	20276.541	13775.342	23676.324	0	0	0	20652.867
A1L170_S30	C1orf226	sp|A1L170|CA226_HUMAN	A1L170	SFPHLSKPVAPGsAPLGSGEPGGPGLWVGSSQHLK	0.5306	0	0	0	0	0	0	0.5306	0.4607	0	0	0	0	0	0	0	0	22668.072	16022.08	0	0	0	0	0	0	0	0	22668.072	16022.08	0	0
A1L390_S1000	PLEKHG3	sp|A1L390|PKHG3_HUMAN	A1L390	KPVLSLFDYEQLMAQEHsPPKPSSAGEMSPQR	0.9577	0.9515	0.9577	0	0.9457	0	0	0.9125	0	0.9322	0.9283	33798.062	43810.832	0	17290.094	0	0	11473.793	0	42723.008	14590.377	33798.062	43810.832	0	17290.094	0	0	11473.793	0	42723.008	0
A1L390_S1011	PLEKHG3	sp|A1L390|PKHG3_HUMAN	A1L390	KPVLSLFDYEQLMAQEHSPPKPSSAGEMsPQR	0.8249	0	0	0	0	0	0	0	0	0.8249	0	0	0	0	0	0	0	0	0	25821.99	0	0	0	0	0	0	0	0	0	0	0
A1L390_S1028	PLEKHG3	sp|A1L390|PKHG3_HUMAN	A1L390	TTsPGGRPSAR;TTsPGGRPSARSPLSPTEtFsWPDVR;TTsPGGRPSARsPLSPTETFSWPDVR;TTsPGGRPSARsPLsPTETFSWPDVR;TTsPGGRPsARSPLSPTETFSWPDVR;TTsPGGRPsARSPLsPTETFSWPDVR;TTsPGGRPsARsPLSPTETFSWPDVR	0.9407	0.7873	0.8573	0.9407	0.8791	0.871	0.8131	0.5612	0	0.4816	0.6884	96895.75	420352.1	351705.7	166811.3	216865.84	197936.52	27104.896	0	32081.904	42345.246	98081.414	229323.88	173337.67	71476.06	99527.914	192054.69	0	0	16371.648	26662.725
A1L390_S1034	PLEKHG3	sp|A1L390|PKHG3_HUMAN	A1L390	PsARSPLSPTETFSWPDVR;PsARSPLSPtETFSWPDVR;PsARSPLsPTETFSWPDVR;PsARsPLSPTETFSWPDVR;TTSPGGRPsARSPLsPTETFSWPDVR;TTSPGGRPsARsPLSPTETFSWPDVR;TTSPGGRPsARsPLsPTETFSWPDVR;TTsPGGRPsARSPLSPTETFSWPDVR;TTsPGGRPsARSPLsPTETFSWPDVR;TTsPGGRPsARsPLSPTETFSWPDVR;TtSPGGRPsARSPLSPTETFSWPDVR	0.9471	0.6821	0.8684	0.9075	0.8592	0.9368	0.9471	0.6967	0.8531	0.592	0.6341	269829.16	405382.8	162224.02	111055.125	176097.73	254371.44	75744.17	67675.5	132869.06	132639.62	127388.99	51365.383	184670.78	58495.402	102307.56	238939.7	50591.246	42428.516	118539.82	61780.844
A1L390_S1037	PLEKHG3	sp|A1L390|PKHG3_HUMAN	A1L390	PSARsPLSPTETFSWPDVR;PSARsPLSPTETFsWPDVR;PSARsPLSPTEtFSWPDVR;PSARsPLsPTETFSWPDVR;PsARsPLSPTETFSWPDVR;TTSPGGRPsARsPLSPTETFSWPDVR;TTSPGGRPsARsPLsPTETFSWPDVR;TTsPGGRPSARsPLSPTETFSWPDVR;TTsPGGRPSARsPLsPTETFSWPDVR;TTsPGGRPsARsPLSPTETFSWPDVR;sPLSPTETFSWPDVR;sPLSPtETFSWPDVR;sPLsPTETFSWPDVR	0.9614	0.9551	0.9614	0.9602	0.9595	0.9613	0.961	0.941	0.9392	0.9198	0.9231	177732.44	612744.1	327887.28	205271.58	182717.1	409009.66	161661.83	70674.64	153025.14	207244.47	64159.547	194541.12	126982.484	79330.984	52599.08	176556.52	78260.016	44672.38	118676.79	109269.01
A1L390_S1040	PLEKHG3	sp|A1L390|PKHG3_HUMAN	A1L390	PSARsPLsPTETFSWPDVR;PsARSPLsPTETFSWPDVR;SPLsPTETFSWPDVR;TTSPGGRPSARSPLsPtEtFSWPDVR;TTSPGGRPsARSPLsPTETFSWPDVR;TTSPGGRPsARsPLsPTETFSWPDVR;TTsPGGRPSARsPLsPTETFSWPDVR;TTsPGGRPsARSPLsPTETFSWPDVR;sPLsPTETFSWPDVR	0.9609	0.9578	0.9601	0.9602	0.9587	0.9519	0.9609	0.9388	0.9276	0.9155	0.9241	269829.16	612744.1	438297.9	237876.14	240893.97	508058.06	141740.27	74923.164	185801.02	205957.47	72361.62	212174.08	169435.53	87230.21	61415.668	192590.1	66257.4	43167.133	117652.71	76061.414
A1L390_S1046	PLEKHG3	sp|A1L390|PKHG3_HUMAN	A1L390	PSARSPLSPTEtFsWPDVR;PSARsPLSPTETFsWPDVR;TTsPGGRPSARSPLSPTEtFsWPDVR	0.5725	0.4753	0.4702	0	0	0.463	0	0.0874	0.5725	0	0	48672.996	203038.8	0	0	62423.484	0	36766.254	33102.49	0	0	48672.996	0	0	0	0	0	36766.254	0	0	0
A1L390_S1079	PLEKHG3	sp|A1L390|PKHG3_HUMAN	A1L390	sHSVPENMVEPPLSGR	0.9486	0.9193	0.4938	0.9486	0.4935	0.4936	0.4938	0.4911	0.4908	0.8988	0.8556	53718.5	38224.17	45021.953	15024.893	8396.264	38720.504	89629.15	53441.285	96250.86	98850.016	29616.049	29620.457	34884.113	15778.879	8817.608	19798.234	48960.316	56123.1	67032.23	52672.61
A1L390_S1081	PLEKHG3	sp|A1L390|PKHG3_HUMAN	A1L390	SHsVPENMVEPPLSGR	0.9575	0.9113	0.9575	0.9557	0.9502	0.9412	0.9542	0.92490000000000006	0.9262	0.92490000000000006	0.9239	90449.74	120419.56	68974.33	81445.45	19627.861	65793.97	87933.88	43416.78	36728.836	31105.621	41919.58	61216.81	53062.32	40766.62	20820.668	40391.004	29116.068	29253.504	38960.887	32995.94
A1L390_S1115	PLEKHG3	sp|A1L390|PKHG3_HUMAN	A1L390	GGGEAAQsPGPLPQSKPDGGETLYVTADLTLEDNRR	0.9565	0	0.9468	0	0	0	0.9565	0.93	0.9065	0.8921	0.8874	0	15874.336	0	0	0	18829.281	25842.78	19976.871	23791.51	21716.252	0	15874.336	0	0	0	18829.281	25842.78	19976.871	23791.51	21716.252
A1L390_S1154	PLEKHG3	sp|A1L390|PKHG3_HUMAN	A1L390	GPLPsPTAGLEESSGQGPSsPVALLGQVQDFQQSAECQPK	0.8137	0	0.5779	0.4741	0	0	0	0.5667	0	0.8137	0	0	24039.604	30102.326	0	0	0	34755.01	0	57186.227	0	0	24039.604	30102.326	0	0	0	0	0	28593.113	0
A1L390_S1163	PLEKHG3	sp|A1L390|PKHG3_HUMAN	A1L390	GPLPSPTAGLEESsGQGPSSPVALLGQVQDFQQSAECQPK;GPLPSPtAGLEESsGQGPSSPVALLGQVQDFQQSAECQPK	0.4724	0.4724	0.3905	0.2476	0.2695	0	0	0.2756	0.4655	0	0.3677	68452.586	55222.58	95579.016	45935.51	0	0	39634.492	24207.771	0	43756.855	68452.586	55222.58	95579.016	45935.51	0	0	39634.492	0	0	43756.855
A1L390_S1168	PLEKHG3	sp|A1L390|PKHG3_HUMAN	A1L390	GPLPSPTAGLEESSGQGPssPVALLGQVQDFQQSAECQPK	0.4434	0	0	0	0	0	0	0	0	0	0.4434	0	0	0	0	0	0	0	0	0	26424.158	0	0	0	0	0	0	0	0	0	0
A1L390_S1169	PLEKHG3	sp|A1L390|PKHG3_HUMAN	A1L390	GPLPSPTAGLEESSGQGPSsPVALLGQVQDFQQSAECQPK;GPLPSPTAGLEESSGQGPssPVALLGQVQDFQQSAECQPK;GPLPsPTAGLEESSGQGPSsPVALLGQVQDFQQSAECQPK	0.9476	0.9476	0.7602	0.482	0.9473	0	0.4837	0.8747	0.9169	0.8341	0.8749	106087.84	82542.984	116902.63	137050.42	0	29305.088	296270.88	127225.09	367660.7	253517.23	53356.336	64150.19	94285.734	68063.39	0	29962.469	133545.03	130079.05	232556.47	120755.734
A1L390_S1217	PLEKHG3	sp|A1L390|PKHG3_HUMAN	A1L390	EKFQALNsVG;FQALNsVG	1	1	0	0	0	0	0	1	1	1	0	9084.115	0	0	0	0	0	8824.408	7914.252	6754.3164	0	0	0	0	0	0	0	8824.408	7914.252	6754.3164	0
A1L390_S432	PLEKHG3	sp|A1L390|PKHG3_HUMAN	A1L390	AWsSQDEVSTNVR	0.8477	0	0.4844	0	0.4793	0	0.4813	0.7428	0.4855	0.8477	0.4853	0	13720.356	0	15436.05	0	147881.88	5528.634	82044.41	188285.03	200554.44	0	13720.356	0	15436.05	0	147881.88	5528.634	82044.41	188285.03	200554.44
A1L390_S433	PLEKHG3	sp|A1L390|PKHG3_HUMAN	A1L390	AWSsQDEVSTNVR;KAWSsQDEVSTNVR	0.9575	0.9561	0.9575	0.9557	0.9556	0.9326	0.9506	0.717	0.9329	0.9243	0.9024	216944.81	285651.7	227766.6	181297.66	68253.97	173719.4	208300.5	166232.19	277804.5	270203.62	151790.83	173904.03	142582.38	181297.66	68253.97	137191.47	210436.23	146801.77	291202.62	277401.47
A1L390_S485	PLEKHG3	sp|A1L390|PKHG3_HUMAN	A1L390	RPsGRsPTSTEK	0.8438	0	0	0	0	0	0	0.8438	0	0	0	0	0	0	0	0	0	5733.716	0	0	0	0	0	0	0	0	0	0	0	0	0
A1L390_S488	PLEKHG3	sp|A1L390|PKHG3_HUMAN	A1L390	RPSGRsPTSTEK;RPsGRsPTSTEK	0.9307	0	0	0	0	0.9307	0	0.8438	0.4385	0.4816	0	0	0	0	0	0	0	5733.716	10154.545	12521.288	0	0	0	0	0	0	0	0	10154.545	12521.288	0
A1L390_S576	PLEKHG3	sp|A1L390|PKHG3_HUMAN	A1L390	ALssEEEEEMGGAAQEPESLLPPSVLDQASVIAER	0.9603	0	0.9551	0.9603	0.9511	0	0.9591	0.8875	0	0	0	0	25732.572	27021.408	12069.295	0	25423.412	13422.373	0	0	0	0	25732.572	27021.408	12069.295	0	25423.412	13422.373	0	0	0
A1L390_S577	PLEKHG3	sp|A1L390|PKHG3_HUMAN	A1L390	ALssEEEEEMGGAAQEPESLLPPSVLDQASVIAER	0.9603	0	0.9551	0.9603	0.9511	0	0.9591	0.8875	0	0	0	0	25732.572	27021.408	12069.295	0	25423.412	13422.373	0	0	0	0	25732.572	27021.408	12069.295	0	25423.412	13422.373	0	0	0
A1L390_S614	PLEKHG3	sp|A1L390|PKHG3_HUMAN	A1L390	FVSSFsR;FVSSFsRRssVAQEDSK	0.649	0	0.5014	0	0	0	0.649	0	0	0.3333	0	0	23696.486	0	0	0	24785.805	0	0	0	0	0	0	0	0	0	0	0	0	0	0
A1L390_S617	PLEKHG3	sp|A1L390|PKHG3_HUMAN	A1L390	FVSSFsRRssVAQEDSK	0.6341	0	0.5648	0	0	0	0.6341	0	0	0	0	0	23696.486	0	0	0	24785.805	0	0	0	0	0	0	0	0	0	0	0	0	0	0
A1L390_S618	PLEKHG3	sp|A1L390|PKHG3_HUMAN	A1L390	FVSSFsRRssVAQEDSK	0.6341	0	0.5468	0	0	0	0.6341	0	0	0	0	0	23696.486	0	0	0	24785.805	0	0	0	0	0	0	0	0	0	0	0	0	0	0
A1L390_S626	PLEKHG3	sp|A1L390|PKHG3_HUMAN	A1L390	RSSVAQEDSKssGFGsPR	0.4962	0	0	0	0	0	0.4962	0	0	0	0	0	0	0	0	0	8735.926	0	0	0	0	0	0	0	0	0	0	0	0	0	0
A1L390_S627	PLEKHG3	sp|A1L390|PKHG3_HUMAN	A1L390	RSSVAQEDSKssGFGsPR	0.4962	0	0	0	0	0	0.4962	0	0	0	0	0	0	0	0	0	8735.926	0	0	0	0	0	0	0	0	0	0	0	0	0	0
A1L390_S631	PLEKHG3	sp|A1L390|PKHG3_HUMAN	A1L390	RSSVAQEDSKssGFGsPR;SSGFGsPR	0.8942	0	0	0	0	0	0.5588	0.6664	0.8344	0.8942	0.8012	0	0	0	0	0	8735.926	18382.25	18123.533	0	16908.398	0	0	0	0	0	0	18382.25	18123.533	0	16908.398
A1L390_S639	PLEKHG3	sp|A1L390|PKHG3_HUMAN	A1L390	SsSVLSLEGSEK	0.7701	0	0	0.3525	0	0	0	0	0	0.7701	0	0	0	11088.974	0	0	0	0	0	10887.629	0	0	0	0	0	0	0	0	0	0	0
A1L390_S640	PLEKHG3	sp|A1L390|PKHG3_HUMAN	A1L390	SSsVLSLEGSEK;SSsVLsLEGSEK;SSsVLsLEGsEKGLAR	0.9543	0	0.9543	0.7246	0	0	0	0	0	0.8991	0.7406	0	11360.565	26249.54	0	0	0	0	0	9195.474	11228.202	0	0	12576.095	0	0	0	0	0	9895.231	12082.647
A1L390_S643	PLEKHG3	sp|A1L390|PKHG3_HUMAN	A1L390	SSSVLsLEGSEK;SSSVLsLEGsEKGLAR;SSsVLsLEGSEK;SSsVLsLEGsEKGLAR	0.9609	0.9584	0.9598	0.9585	0.9585	0.9588	0.9609	0.9374	0.934	0.9357	0.9407	99702.52	76160.01	70218.05	75292.7	46124.43	77782.32	37120.43	21735.28	75935.516	68998.52	43088.47	32415.234	29877.549	32279.537	26859.662	32380.234	21691.965	18982.06	32619.016	58798.72
A1L390_S647	PLEKHG3	sp|A1L390|PKHG3_HUMAN	A1L390	SSSVLSLEGsEK;SSSVLsLEGsEKGLAR;SSsVLsLEGsEKGLAR	0.9588	0.9584	0.9584	0.9586	0.9579	0.9588	0.9567	0.8783	0.934	0.9356	0.9408	72653.734	56286.38	39944.906	53866.582	46124.43	50131.645	20036.084	9547.476	61209.477	43084.98	41848.164	26506.113	24769.844	30681.758	26575.213	27912.395	16676.15	21314.834	38904.965	96187.64
A1L390_S741	PLEKHG3	sp|A1L390|PKHG3_HUMAN	A1L390	REsLSYIPK;RREsLSYIPK	0.9606	0.9582	0.9584	0.9577	0.9585	0.9594	0.9606	0.9387	0.7191	0.9213	0.9351	88151.7	112846	85605.71	88414.336	31796.082	73522.336	209929.23	95713.83	109824.44	286672.62	65142.348	70504.25	40568.535	40757.895	35719.297	53074.016	157711.53	231443.47	82171.67	212110.14
A1L390_S743	PLEKHG3	sp|A1L390|PKHG3_HUMAN	A1L390	RRESLsYIPK	0.5013	0	0	0	0	0	0	0	0	0.5013	0	0	0	0	0	0	0	0	0	175580.61	0	0	0	0	0	0	0	0	0	0	0
A1L390_S759	PLEKHG3	sp|A1L390|PKHG3_HUMAN	A1L390	FNsLPRPDPEPVPPVGSK	0.9623	0.9605	0.9623	0.9606	0.9605	0	0.9623	0.9445	0.9388	0.9448	0.9442	46921.125	18597.85	15062.696	16279.126	0	22784.77	57229.24	27413.207	74286.28	45443.39	26930.67	18597.85	15062.696	16279.126	0	22784.77	35453.516	27413.207	48052.895	45443.39
A1L390_S76	PLEKHG3	sp|A1L390|PKHG3_HUMAN	A1L390	GPLsPFNSR	0.9627	0.9605	0.9626	0.9627	0.9607	0.9623	0.9622	0.9448	0.9419	0.9447	0.944	158527.5	106239.766	100325.81	146983.17	84001.766	107548.2	136687.97	103871.22	260958.69	301333.28	158527.5	106239.766	100325.81	146983.17	84001.766	107548.2	136687.97	103871.22	260958.69	301333.28
A1L390_S779	PLEKHG3	sp|A1L390|PKHG3_HUMAN	A1L390	QVGsRPTSWALFELPGPSQAVK;QVGsRPTsWALFELPGPSQAVK;QVGsRPtSWALFELPGPSQAVK	0.9297	0.6566	0.657	0	0.7101	0	0.9297	0.702	0.6996	0.6522	0.8165	14435.03	43325.992	0	24154.574	0	38057.164	22285.312	6111.2046	22790.441	24071.068	12137.614	15160.703	0	9478.414	0	16338.378	18055.797	8323.146	19002.936	20345.908
A1L390_S783	PLEKHG3	sp|A1L390|PKHG3_HUMAN	A1L390	QVGSRPtsWALFELPGPSQAVK;QVGsRPTsWALFELPGPSQAVK	0.9105	0	0.8701	0.9105	0.6321	0	0.6442	0	0	0	0	0	36551.13	8626.634	17337.115	0	25912.152	0	0	0	0	0	22791.164	17269.723	15700.631	0	23466.252	0	0	0	0
A1L390_S865	PLEKHG3	sp|A1L390|PKHG3_HUMAN	A1L390	GPGQGQANGFDLHEPLFILEEHELGAITEESATAsPESSsPTEGR	0.9458	0	0.8674	0.9458	0	0	0	0	0	0	0	0	93694.91	31366.414	0	0	0	0	0	0	0	0	47487.246	31366.414	0	0	0	0	0	0	0
A1L390_S868	PLEKHG3	sp|A1L390|PKHG3_HUMAN	A1L390	GPGQGQANGFDLHEPLFILEEHELGAITEESATASPEsSSPTEGR	0.9208	0	0.9208	0	0	0	0.3104	0	0	0	0	0	25625.674	0	0	0	22822.207	0	0	0	0	0	25625.674	0	0	0	22822.207	0	0	0	0
A1L390_S869	PLEKHG3	sp|A1L390|PKHG3_HUMAN	A1L390	GPGQGQANGFDLHEPLFILEEHELGAITEESATASPESsSPTEGR;GPGQGQANGFDLHEPLFILEEHELGAITEESATASPESssPTEGR	0.5705	0	0	0.5423	0	0.5705	0	0	0	0	0	0	0	17154.223	0	8495.665	0	0	0	0	0	0	0	0	0	0	0	0	0	0	0
A1L390_S870	PLEKHG3	sp|A1L390|PKHG3_HUMAN	A1L390	GPGQGQANGFDLHEPLFILEEHELGAITEESATASPESSsPTEGR;GPGQGQANGFDLHEPLFILEEHELGAITEESATASPESssPTEGR;GPGQGQANGFDLHEPLFILEEHELGAITEESATAsPESSsPTEGR	0.9564	0.8948	0.9564	0.9461	0.9482	0.5705	0.4825	0	0	0	0	19037.29	125406.5	47717.633	16055.375	8495.665	17619.12	0	0	0	0	23509.992	38205.402	20700.217	19827.494	0	21758.633	0	0	0	0
A1L390_S962	PLEKHG3	sp|A1L390|PKHG3_HUMAN	A1L390	DGKsPTVPCLQEEAGEPLGGK;VAPERDGKsPTVPCLQEEAGEPLGGK	0.9554	0.9532	0.9514	0.9548	0.9554	0	0.5	0.9108	0.9135	0.9342	0.9306	129757.61	121908.195	62829.254	133794.98	0	32119.932	165479.69	144172.38	397230.28	227129.84	73307.19	68991.945	65177.07	76064.74	0	40058.32	89524.19	75578.83	224386.2	129063.7
A1L390_T1027	PLEKHG3	sp|A1L390|PKHG3_HUMAN	A1L390	TtSPGGRPsARSPLSPTETFSWPDVR	0.4584	0	0	0	0	0	0	0	0	0	0.4584	0	0	0	0	0	0	0	0	0	17078.951	0	0	0	0	0	0	0	0	0	0
A1L390_T1042	PLEKHG3	sp|A1L390|PKHG3_HUMAN	A1L390	PsARSPLSPtETFSWPDVR;TTSPGGRPSARSPLsPtEtFSWPDVR;sPLSPtETFSWPDVR	0.8607	0	0.8607	0	0.6783	0	0.4233	0	0	0	0.5623	0	170118.03	0	13173.448	0	175561.12	0	0	0	42794.12	0	170118.03	0	0	0	0	0	0	0	42794.12
A1L390_T1044	PLEKHG3	sp|A1L390|PKHG3_HUMAN	A1L390	PSARSPLSPTEtFsWPDVR;PSARsPLSPTEtFSWPDVR;TTSPGGRPSARSPLsPtEtFSWPDVR;TTsPGGRPSARSPLSPTEtFsWPDVR	0.9182	0.4753	0.9182	0	0	0	0.4233	0.4588	0	0	0	48672.996	380345.56	0	0	0	175561.12	86649.79	0	0	0	56694.207	0	0	0	0	0	42825.91	0	0	0
A1L390_T1156	PLEKHG3	sp|A1L390|PKHG3_HUMAN	A1L390	GPLPSPtAGLEESSGQGPSSPVALLGQVQDFQQSAECQPK;GPLPSPtAGLEESsGQGPSSPVALLGQVQDFQQSAECQPK	0.7731	0	0	0	0	0	0	0	0.5833	0.7731	0	0	0	0	0	0	0	0	24207.771	31355.59	0	0	0	0	0	0	0	0	0	0	0
A1L390_T782	PLEKHG3	sp|A1L390|PKHG3_HUMAN	A1L390	QVGSRPtsWALFELPGPSQAVK;QVGsRPtSWALFELPGPSQAVK	0.9288	0.6566	0.8701	0.909	0.6304	0	0.9288	0.6286	0.6293	0.6522	0.6516	9107.1455	22916.21	8626.634	6817.4595	0	12145.011	12074.0625	6111.2046	13738.116	15863.332	9105.113	11529.703	8737.086	6815.938	0	12142.301	12071.368	6109.841	13735.051	15859.792
A1L390_T964	PLEKHG3	sp|A1L390|PKHG3_HUMAN	A1L390	DGKSPtVPCLQEEAGEPLGGK;VAPERDGKSPtVPCLQEEAGEPLGGK	0.8065	0	0	0.739	0	0	0	0.6275	0	0.8065	0	0	0	33579.93	0	0	0	58548.035	0	138666.08	0	0	0	33579.93	0	0	0	0	0	113135.87	0
A1X283_S291	SH3PXD2B	sp|A1X283|SPD2B_HUMAN	A1X283	NSGEPLPPKPGPGsPSHPGALDLDGVSR	0.9512	0	0.9512	0	0	0	0	0	0	0.8536	0.9021	0	63209.227	0	0	0	0	0	0	21045.736	14444.296	0	63209.227	0	0	0	0	0	0	21045.736	14444.296
A1X283_S491	SH3PXD2B	sp|A1X283|SPD2B_HUMAN	A1X283	DWKGsKDVLR	1	0	1	0	1	0	1	0	1	1	0	0	12617.913	0	6832.6753	0	10123.108	0	15882.955	24317.469	0	0	12617.913	0	6832.6753	0	10123.108	0	15882.955	24317.469	0
A1X283_S512	SH3PXD2B	sp|A1X283|SPD2B_HUMAN	A1X283	KASSDMSASAGYEEIsDPDMEEKPSLPPR	0.92	0	0.92	0	0	0	0	0	0	0	0	0	18860.076	0	0	0	0	0	0	0	0	0	0	0	0	0	0	0	0	0	0
A1X283_S528	SH3PXD2B	sp|A1X283|SPD2B_HUMAN	A1X283	KEsIIKSEGELLER	0.9616	0.9588	0.9607	0.9616	0.9452	0	0.961	0	0	0	0	44967.43	92750.12	102222.484	46164.625	0	78196.06	0	0	0	0	44967.43	92750.12	88032.42	46164.625	0	78196.06	0	0	0	0
A1X283_S675	SH3PXD2B	sp|A1X283|SPD2B_HUMAN	A1X283	sQDKSLLDGEGPQAVGGQDVAFSR	0.9497	0.9029	0	0.9497	0.8815	0.9371	0.8687	0	0	0	0	24078.898	0	18505.77	20246.766	21469.027	21757.572	0	0	0	0	24078.898	0	18505.77	20246.766	21469.027	21757.572	0	0	0	0
A1X283_S679	SH3PXD2B	sp|A1X283|SPD2B_HUMAN	A1X283	SQDKsLLDGEGPQAVGGQDVAFSR	0.7092	0	0	0.7092	0	0	0	0	0	0	0	0	0	21903.467	0	0	0	0	0	0	0	0	0	0	0	0	0	0	0	0	0
A2A288_S336	ZC3H12D	sp|A2A288|ZC12D_HUMAN	A2A288	GsPDLAALR	1	0	0	0	0	0	0	1	1	1	1	0	0	0	0	0	0	11217.52	7471.883	15278.67	16960.24	0	0	0	0	0	0	11217.52	7471.883	15278.67	16960.24
A2A3K4_S394	PTPDC1	sp|A2A3K4|PTPC1_HUMAN	A2A3K4	LSYsDSDLKR;RLSYsDSDLKR	0.9131	0.8651	0	0	0.8776	0	0	0	0	0.9131	0	13445.396	0	0	12975.861	0	0	0	0	16561.408	0	13445.396	0	0	12975.861	0	0	0	0	8683.268	0
A2AJT9_S15	BCLAF3	sp|A2AJT9|BCLA3_HUMAN	A2AJT9	HRsLsPVPR	1	1	1	1	1	1	1	1	1	1	1	37411.953	62028.24	58361.594	57392.625	71325.875	61181.152	33720.934	38898.926	50634.22	128517.39	25040.156	41694.96	37572.58	34011.98	36109.86	38148.027	30397.104	35413.49	188430.06	116811.95
A2AJT9_S17	BCLAF3	sp|A2AJT9|BCLA3_HUMAN	A2AJT9	HRsLsPVPR	1	1	1	1	1	1	1	1	1	1	1	37411.953	62028.24	58361.594	57392.625	71325.875	61181.152	33720.934	38898.926	50634.22	128517.39	25040.156	41694.96	37572.58	34011.98	36109.86	38148.027	30397.104	35413.49	188430.06	116811.95
A2AJT9_S192	BCLAF3	sp|A2AJT9|BCLA3_HUMAN	A2AJT9	RGsEDFETR	0.9414	0	0	0	0	0	0	0.9414	0	0.8914	0.877	0	0	0	0	0	0	11893.107	0	13669.943	14357.303	0	0	0	0	0	0	11893.107	0	13669.943	14357.303
A2AJT9_S402	BCLAF3	sp|A2AJT9|BCLA3_HUMAN	A2AJT9	LPDVKPsPINLR	1	1	0	0	0	0	0	1	0	1	1	10367.226	0	0	0	0	0	10976.639	0	25765.71	34076.766	11789.523	0	0	0	0	0	10629.4795	0	13518.856	17670.416
A2AJT9_S73	BCLAF3	sp|A2AJT9|BCLA3_HUMAN	A2AJT9	GNIYYQsYEHRSPsPNIR	0.8089	0.8089	0	0	0	0	0	0.4619	0	0	0	128750.55	0	0	0	0	0	69437.195	0	0	0	128750.55	0	0	0	0	0	69437.195	0	0	0
A2AJT9_S78	BCLAF3	sp|A2AJT9|BCLA3_HUMAN	A2AJT9	GNIYYQSYEHRsPsPNIR	0.9587	0.9206	0.9555	0.9465	0.9517	0.9587	0.9527	0.881	0	0.9248	0.9035	274094.7	108537.266	106563.18	107226.42	116258.42	98532.305	67722.77	0	116809.03	167278.1	132412.33	111730.38	109698.22	110380.98	119678.695	101431.08	69715.15	0	104864.18	119766.79
A2AJT9_S80	BCLAF3	sp|A2AJT9|BCLA3_HUMAN	A2AJT9	GNIYYQSYEHRsPsPNIR;GNIYYQSyEHRSPsPNIR;GNIYYQsYEHRSPsPNIR	0.9585	0.9202	0.9555	0.947	0.9518	0.9585	0.9515	0.8826	0	0.9254	0.9036	402845.25	108537.266	106563.18	107226.42	116258.42	238532.97	137159.97	0	116809.03	167278.1	138460.69	116500.08	114381.164	115093.06	124787.695	105764.41	72483.62	0	109340.76	124879.55
A2AJT9_Y74	BCLAF3	sp|A2AJT9|BCLA3_HUMAN	A2AJT9	GNIYYQSyEHRSPsPNIR	0.706	0	0	0	0	0	0.706	0	0	0	0	0	0	0	0	0	140000.66	0	0	0	0	0	0	0	0	0	0	0	0	0	0
A2RRP1_S473	NBAS	sp|A2RRP1|NBAS_HUMAN	A2RRP1	AGEEDEGEEDsDSDYEISAK;AGEEDEGEEDsDsDYEISAK	0.96	0	0.96	0.9599	0.4889	0.95	0.96	0.9241	0.8616	0.4655	0.9117	0	508235.62	558425.8	51124.273	368758.47	603217.75	18893.283	14931.191	20054.428	32249.52	0	399310.28	445031.28	51124.273	293435.06	483200.94	18893.283	14931.191	20054.428	32249.52
A2RRP1_S475	NBAS	sp|A2RRP1|NBAS_HUMAN	A2RRP1	AGEEDEGEEDSDsDYEISAK;AGEEDEGEEDsDsDYEISAK	0.9582	0	0.9525	0.9575	0	0.9507	0.9582	0	0	0	0.8462	0	75261.96	469033.22	0	368375.53	482051.25	0	0	0	26416.01	0	185357.05	312969.44	0	201644.61	310688.3	0	0	0	22059.047
A2RRP1_S639	NBAS	sp|A2RRP1|NBAS_HUMAN	A2RRP1	FTLPGEIDIDSIsYEELSPPDEEPAK	0.4748	0	0	0.4748	0	0	0	0	0	0	0	0	0	9895.294	0	0	0	0	0	0	0	0	0	0	0	0	0	0	0	0	0
A2RRP1_S644	NBAS	sp|A2RRP1|NBAS_HUMAN	A2RRP1	FTLPGEIDIDSISYEELsPPDEEPAK	0.9478	0	0.6962	0.9478	0	0	0.9453	0	0	0	0	0	15202.965	14711.052	0	0	7717.3315	0	0	0	0	0	15202.965	14711.052	0	0	7717.3315	0	0	0	0
A2RTX5_S453	TARS3	sp|A2RTX5|SYTC2_HUMAN	A2RTX5	DFTEVLsPNMYNSK	0.9061	0	0	0	0	0	0	0	0	0	0.9061	0	0	0	0	0	0	0	0	0	8534.264	0	0	0	0	0	0	0	0	0	0
A2RU67_S30	FAM234B	sp|A2RU67|F234B_HUMAN	A2RU67	KSPDLGEYDPLTQADsDEsEDDLVLNLQK;SPDLGEYDPLTQADsDEsEDDLVLNLQK	0.9506	0	0.9506	0.9487	0	0	0.9446	0	0	0	0	0	22675.68	19599.416	0	0	19838.768	0	0	0	0	0	22675.68	19599.416	0	0	19838.768	0	0	0	0
A2RU67_S33	FAM234B	sp|A2RU67|F234B_HUMAN	A2RU67	KSPDLGEYDPLTQADsDEsEDDLVLNLQK;SPDLGEYDPLTQADsDEsEDDLVLNLQK	0.9507	0	0.9507	0.9483	0	0	0.9446	0	0	0	0	0	22675.68	19599.416	0	0	19838.768	0	0	0	0	0	22675.68	19599.416	0	0	19838.768	0	0	0	0
A2RU67_S62	FAM234B	sp|A2RU67|F234B_HUMAN	A2RU67	SPLGEAPEPDsDAEVAEAAK;SPLGEAPEPDsDAEVAEAAKPHLSEVTTEGYPSEPLGGLEQK	0.9586	0.9489	0.9066	0.9586	0.9227	0.9299	0.9407	0.9357	0.9318	0.9428	0.9196	195733.06	192989.05	195949.94	165792.2	113257.414	147473.62	158481.62	110583.41	146437.73	234145.62	195733.06	150182.02	149233.47	165792.2	113257.414	147473.62	137828.6	101021.32	133751.61	157140.48
