ProteinName,Index,Run,Condition,BioReplicate,Intensity
PA,PA_S10,run1,A,run1,4051430.6081547933
PA,PA_S31,run1,A,run1,2171107.9055637936
PB,PB_T10,run1,A,run1,1123835.9302524573
PB,PB_Y31,run1,A,run1,489178.0010668492
PA,PA_S10,run2,A,run2,4051430.6081547933
PA,PA_S31,run2,A,run2,2171107.9055637936
PB,PB_T10,run2,A,run2,1123835.9302524573
PB,PB_Y31,run2,A,run2,489178.0010668492
PA,PA_S10,run3,B,run3,8102861.216309587
PA,PA_S31,run3,B,run3,2171107.9055637936
PB,PB_T10,run3,B,run3,1123835.9302524573
PB,PB_Y31,run3,B,run3,489178.0010668492
PA,PA_S10,run4,B,run4,8102861.216309587
PA,PA_S31,run4,B,run4,2171107.9055637936
PB,PB_T10,run4,B,run4,1123835.9302524573
PB,PB_Y31,run4,B,run4,489178.0010668492
